Product ID,Attribute (Name:Type:Position),Value,Quantity
0,Rozmiar:rozmiar:0,40,32
0,Rozmiar:rozmiar:0,41,39
0,Rozmiar:rozmiar:0,42,42
0,Rozmiar:rozmiar:0,43,16
0,Rozmiar:rozmiar:0,44,11
0,Rozmiar:rozmiar:0,45,48
0,Rozmiar:rozmiar:0,46,1
1,Rozmiar:rozmiar:0,40,5
1,Rozmiar:rozmiar:0,41,0
1,Rozmiar:rozmiar:0,42,11
1,Rozmiar:rozmiar:0,43,32
1,Rozmiar:rozmiar:0,44,5
1,Rozmiar:rozmiar:0,45,29
1,Rozmiar:rozmiar:0,46,40
2,Rozmiar:rozmiar:0,40,40
2,Rozmiar:rozmiar:0,41,18
2,Rozmiar:rozmiar:0,42,39
2,Rozmiar:rozmiar:0,43,6
2,Rozmiar:rozmiar:0,44,31
2,Rozmiar:rozmiar:0,46,20
3,Rozmiar:rozmiar:0,40,13
3,Rozmiar:rozmiar:0,41,7
3,Rozmiar:rozmiar:0,42,1
3,Rozmiar:rozmiar:0,43,33
3,Rozmiar:rozmiar:0,44,30
3,Rozmiar:rozmiar:0,46,14
4,Rozmiar:rozmiar:0,40,48
4,Rozmiar:rozmiar:0,41,29
4,Rozmiar:rozmiar:0,42,14
4,Rozmiar:rozmiar:0,43,4
4,Rozmiar:rozmiar:0,44,25
4,Rozmiar:rozmiar:0,45,17
4,Rozmiar:rozmiar:0,46,31
4,Rozmiar:rozmiar:0,47.5,6
5,Rozmiar:rozmiar:0,40,10
5,Rozmiar:rozmiar:0,41,33
5,Rozmiar:rozmiar:0,42,13
5,Rozmiar:rozmiar:0,43,0
5,Rozmiar:rozmiar:0,44,38
5,Rozmiar:rozmiar:0,45,21
5,Rozmiar:rozmiar:0,46,24
5,Rozmiar:rozmiar:0,47.5,40
6,Rozmiar:rozmiar:0,40,44
6,Rozmiar:rozmiar:0,41,9
6,Rozmiar:rozmiar:0,42,18
6,Rozmiar:rozmiar:0,43,34
6,Rozmiar:rozmiar:0,44,1
6,Rozmiar:rozmiar:0,45,43
6,Rozmiar:rozmiar:0,46,48
6,Rozmiar:rozmiar:0,47.5,12
7,Rozmiar:rozmiar:0,40,6
7,Rozmiar:rozmiar:0,41,30
7,Rozmiar:rozmiar:0,42,42
7,Rozmiar:rozmiar:0,43,21
7,Rozmiar:rozmiar:0,44,26
7,Rozmiar:rozmiar:0,45,18
7,Rozmiar:rozmiar:0,46,36
7,Rozmiar:rozmiar:0,47.5,36
8,Rozmiar:rozmiar:0,41,36
8,Rozmiar:rozmiar:0,42,11
8,Rozmiar:rozmiar:0,43,18
8,Rozmiar:rozmiar:0,44,6
8,Rozmiar:rozmiar:0,45,37
9,Rozmiar:rozmiar:0,41,19
9,Rozmiar:rozmiar:0,42,28
9,Rozmiar:rozmiar:0,43,27
9,Rozmiar:rozmiar:0,44,46
9,Rozmiar:rozmiar:0,45,37
10,Rozmiar:rozmiar:0,40,12
10,Rozmiar:rozmiar:0,41,2
10,Rozmiar:rozmiar:0,42,36
10,Rozmiar:rozmiar:0,43,32
10,Rozmiar:rozmiar:0,44,8
10,Rozmiar:rozmiar:0,45,24
10,Rozmiar:rozmiar:0,46,43
11,Rozmiar:rozmiar:0,40,39
11,Rozmiar:rozmiar:0,41,9
11,Rozmiar:rozmiar:0,42,3
11,Rozmiar:rozmiar:0,43,29
11,Rozmiar:rozmiar:0,44,40
11,Rozmiar:rozmiar:0,45,4
11,Rozmiar:rozmiar:0,46,19
12,Rozmiar:rozmiar:0,40,31
12,Rozmiar:rozmiar:0,41,32
12,Rozmiar:rozmiar:0,42,31
12,Rozmiar:rozmiar:0,43,48
12,Rozmiar:rozmiar:0,44,43
12,Rozmiar:rozmiar:0,45,44
12,Rozmiar:rozmiar:0,46,0
13,Rozmiar:rozmiar:0,40,34
13,Rozmiar:rozmiar:0,41,48
13,Rozmiar:rozmiar:0,42,27
13,Rozmiar:rozmiar:0,43,5
13,Rozmiar:rozmiar:0,44,47
13,Rozmiar:rozmiar:0,45,20
13,Rozmiar:rozmiar:0,46,48
14,Rozmiar:rozmiar:0,40,16
14,Rozmiar:rozmiar:0,41,38
14,Rozmiar:rozmiar:0,42,43
14,Rozmiar:rozmiar:0,43,23
14,Rozmiar:rozmiar:0,44,50
14,Rozmiar:rozmiar:0,45,8
15,Rozmiar:rozmiar:0,40,23
15,Rozmiar:rozmiar:0,41,49
15,Rozmiar:rozmiar:0,42,7
15,Rozmiar:rozmiar:0,43,22
15,Rozmiar:rozmiar:0,44,49
15,Rozmiar:rozmiar:0,45,49
16,Rozmiar:rozmiar:0,40,22
16,Rozmiar:rozmiar:0,41,33
16,Rozmiar:rozmiar:0,42,27
16,Rozmiar:rozmiar:0,43,16
16,Rozmiar:rozmiar:0,44,37
16,Rozmiar:rozmiar:0,45,18
17,Rozmiar:rozmiar:0,40,7
17,Rozmiar:rozmiar:0,41,49
17,Rozmiar:rozmiar:0,42,4
17,Rozmiar:rozmiar:0,43,46
17,Rozmiar:rozmiar:0,44,44
17,Rozmiar:rozmiar:0,45,17
18,Rozmiar:rozmiar:0,40,43
18,Rozmiar:rozmiar:0,41,37
18,Rozmiar:rozmiar:0,42,20
18,Rozmiar:rozmiar:0,43,2
18,Rozmiar:rozmiar:0,44,32
18,Rozmiar:rozmiar:0,45,19
19,Rozmiar:rozmiar:0,40,26
19,Rozmiar:rozmiar:0,41,26
19,Rozmiar:rozmiar:0,42,29
19,Rozmiar:rozmiar:0,43,1
19,Rozmiar:rozmiar:0,44,26
19,Rozmiar:rozmiar:0,45,30
20,Rozmiar:rozmiar:0,40,47
20,Rozmiar:rozmiar:0,41,10
20,Rozmiar:rozmiar:0,42,12
20,Rozmiar:rozmiar:0,43,8
20,Rozmiar:rozmiar:0,44,39
20,Rozmiar:rozmiar:0,45,0
20,Rozmiar:rozmiar:0,46,26
21,Rozmiar:rozmiar:0,40,35
21,Rozmiar:rozmiar:0,41,45
21,Rozmiar:rozmiar:0,42,11
21,Rozmiar:rozmiar:0,43,38
21,Rozmiar:rozmiar:0,44,25
21,Rozmiar:rozmiar:0,45,24
21,Rozmiar:rozmiar:0,46,47
22,Rozmiar:rozmiar:0,39.5,15
22,Rozmiar:rozmiar:0,41.5,33
22,Rozmiar:rozmiar:0,42.5,27
23,Rozmiar:rozmiar:0,39.5,16
23,Rozmiar:rozmiar:0,41.5,3
23,Rozmiar:rozmiar:0,42.5,47
24,Rozmiar:rozmiar:0,39.5,24
24,Rozmiar:rozmiar:0,41.5,20
24,Rozmiar:rozmiar:0,42.5,40
24,Rozmiar:rozmiar:0,43.5,38
24,Rozmiar:rozmiar:0,45.5,12
24,Rozmiar:rozmiar:0,46.5,39
25,Rozmiar:rozmiar:0,39.5,47
25,Rozmiar:rozmiar:0,41.5,1
25,Rozmiar:rozmiar:0,42.5,44
25,Rozmiar:rozmiar:0,43.5,13
25,Rozmiar:rozmiar:0,45.5,22
25,Rozmiar:rozmiar:0,46.5,47
26,Rozmiar:rozmiar:0,40,36
26,Rozmiar:rozmiar:0,41,5
26,Rozmiar:rozmiar:0,42,42
26,Rozmiar:rozmiar:0,43,45
26,Rozmiar:rozmiar:0,44,21
26,Rozmiar:rozmiar:0,45,4
26,Rozmiar:rozmiar:0,45.5,15
26,Rozmiar:rozmiar:0,46,3
26,Rozmiar:rozmiar:0,47.5,28
27,Rozmiar:rozmiar:0,40,40
27,Rozmiar:rozmiar:0,41,14
27,Rozmiar:rozmiar:0,42,44
27,Rozmiar:rozmiar:0,43,40
27,Rozmiar:rozmiar:0,44,2
27,Rozmiar:rozmiar:0,45,29
27,Rozmiar:rozmiar:0,45.5,6
27,Rozmiar:rozmiar:0,46,23
27,Rozmiar:rozmiar:0,47.5,0
28,Rozmiar:rozmiar:0,40,5
28,Rozmiar:rozmiar:0,41,37
28,Rozmiar:rozmiar:0,42,12
28,Rozmiar:rozmiar:0,43,14
28,Rozmiar:rozmiar:0,44,7
28,Rozmiar:rozmiar:0,45,37
29,Rozmiar:rozmiar:0,40,7
29,Rozmiar:rozmiar:0,41,50
29,Rozmiar:rozmiar:0,42,39
29,Rozmiar:rozmiar:0,43,1
29,Rozmiar:rozmiar:0,44,38
29,Rozmiar:rozmiar:0,45,44
30,Rozmiar:rozmiar:0,40,0
30,Rozmiar:rozmiar:0,41,38
30,Rozmiar:rozmiar:0,42,11
30,Rozmiar:rozmiar:0,43,28
30,Rozmiar:rozmiar:0,44,18
30,Rozmiar:rozmiar:0,45,27
30,Rozmiar:rozmiar:0,46,11
31,Rozmiar:rozmiar:0,40,3
31,Rozmiar:rozmiar:0,41,21
31,Rozmiar:rozmiar:0,42,21
31,Rozmiar:rozmiar:0,43,18
31,Rozmiar:rozmiar:0,44,7
31,Rozmiar:rozmiar:0,45,0
31,Rozmiar:rozmiar:0,46,7
32,Rozmiar:rozmiar:0,40,42
32,Rozmiar:rozmiar:0,41,44
32,Rozmiar:rozmiar:0,42,6
32,Rozmiar:rozmiar:0,43,34
32,Rozmiar:rozmiar:0,44,31
32,Rozmiar:rozmiar:0,45,48
32,Rozmiar:rozmiar:0,46,3
33,Rozmiar:rozmiar:0,40,24
33,Rozmiar:rozmiar:0,41,36
33,Rozmiar:rozmiar:0,42,18
33,Rozmiar:rozmiar:0,43,13
33,Rozmiar:rozmiar:0,44,40
33,Rozmiar:rozmiar:0,45,20
33,Rozmiar:rozmiar:0,46,45
34,Rozmiar:rozmiar:0,40,14
34,Rozmiar:rozmiar:0,41,25
34,Rozmiar:rozmiar:0,42,29
34,Rozmiar:rozmiar:0,43,14
34,Rozmiar:rozmiar:0,44,8
34,Rozmiar:rozmiar:0,45,42
34,Rozmiar:rozmiar:0,46,3
34,Rozmiar:rozmiar:0,47.5,12
35,Rozmiar:rozmiar:0,40,1
35,Rozmiar:rozmiar:0,41,1
35,Rozmiar:rozmiar:0,42,2
35,Rozmiar:rozmiar:0,43,22
35,Rozmiar:rozmiar:0,44,8
35,Rozmiar:rozmiar:0,45,32
35,Rozmiar:rozmiar:0,46,0
35,Rozmiar:rozmiar:0,47.5,1
36,Rozmiar:rozmiar:0,41,4
36,Rozmiar:rozmiar:0,43,21
37,Rozmiar:rozmiar:0,41,9
37,Rozmiar:rozmiar:0,43,19
38,Rozmiar:rozmiar:0,40,30
38,Rozmiar:rozmiar:0,41,48
38,Rozmiar:rozmiar:0,42,33
38,Rozmiar:rozmiar:0,43,36
38,Rozmiar:rozmiar:0,44,25
38,Rozmiar:rozmiar:0,45,2
38,Rozmiar:rozmiar:0,46,12
39,Rozmiar:rozmiar:0,40,1
39,Rozmiar:rozmiar:0,41,10
39,Rozmiar:rozmiar:0,42,35
39,Rozmiar:rozmiar:0,43,14
39,Rozmiar:rozmiar:0,44,38
39,Rozmiar:rozmiar:0,45,21
39,Rozmiar:rozmiar:0,46,27
40,Rozmiar:rozmiar:0,40,12
40,Rozmiar:rozmiar:0,41,34
40,Rozmiar:rozmiar:0,42,16
40,Rozmiar:rozmiar:0,43,23
40,Rozmiar:rozmiar:0,44,9
40,Rozmiar:rozmiar:0,45,50
40,Rozmiar:rozmiar:0,46,13
41,Rozmiar:rozmiar:0,40,10
41,Rozmiar:rozmiar:0,41,6
41,Rozmiar:rozmiar:0,42,6
41,Rozmiar:rozmiar:0,43,30
41,Rozmiar:rozmiar:0,44,22
41,Rozmiar:rozmiar:0,45,28
41,Rozmiar:rozmiar:0,46,49
42,Rozmiar:rozmiar:0,40,17
42,Rozmiar:rozmiar:0,41,35
42,Rozmiar:rozmiar:0,42,18
42,Rozmiar:rozmiar:0,43,23
42,Rozmiar:rozmiar:0,44,39
42,Rozmiar:rozmiar:0,45,36
42,Rozmiar:rozmiar:0,46,32
42,Rozmiar:rozmiar:0,47,2
43,Rozmiar:rozmiar:0,40,36
43,Rozmiar:rozmiar:0,41,40
43,Rozmiar:rozmiar:0,42,31
43,Rozmiar:rozmiar:0,43,19
43,Rozmiar:rozmiar:0,44,13
43,Rozmiar:rozmiar:0,45,26
43,Rozmiar:rozmiar:0,46,3
43,Rozmiar:rozmiar:0,47,14
44,Rozmiar:rozmiar:0,40,22
44,Rozmiar:rozmiar:0,41,3
44,Rozmiar:rozmiar:0,42,29
44,Rozmiar:rozmiar:0,43,6
44,Rozmiar:rozmiar:0,44,45
44,Rozmiar:rozmiar:0,45,30
45,Rozmiar:rozmiar:0,40,44
45,Rozmiar:rozmiar:0,41,46
45,Rozmiar:rozmiar:0,42,14
45,Rozmiar:rozmiar:0,43,10
45,Rozmiar:rozmiar:0,44,11
45,Rozmiar:rozmiar:0,45,0
46,Rozmiar:rozmiar:0,40,27
46,Rozmiar:rozmiar:0,41,31
46,Rozmiar:rozmiar:0,42,26
46,Rozmiar:rozmiar:0,43,18
46,Rozmiar:rozmiar:0,44,31
46,Rozmiar:rozmiar:0,45,19
47,Rozmiar:rozmiar:0,40,33
47,Rozmiar:rozmiar:0,41,45
47,Rozmiar:rozmiar:0,42,18
47,Rozmiar:rozmiar:0,43,38
47,Rozmiar:rozmiar:0,44,17
47,Rozmiar:rozmiar:0,45,39
48,Rozmiar:rozmiar:0,40,8
48,Rozmiar:rozmiar:0,41,28
48,Rozmiar:rozmiar:0,42,0
48,Rozmiar:rozmiar:0,43,22
48,Rozmiar:rozmiar:0,44,7
48,Rozmiar:rozmiar:0,45,44
49,Rozmiar:rozmiar:0,40,12
49,Rozmiar:rozmiar:0,41,30
49,Rozmiar:rozmiar:0,42,40
49,Rozmiar:rozmiar:0,43,38
49,Rozmiar:rozmiar:0,44,22
49,Rozmiar:rozmiar:0,45,21
50,Rozmiar:rozmiar:0,40,31
50,Rozmiar:rozmiar:0,41,9
50,Rozmiar:rozmiar:0,42,11
50,Rozmiar:rozmiar:0,43,45
50,Rozmiar:rozmiar:0,44,36
50,Rozmiar:rozmiar:0,45,22
50,Rozmiar:rozmiar:0,46,25
51,Rozmiar:rozmiar:0,40,36
51,Rozmiar:rozmiar:0,41,6
51,Rozmiar:rozmiar:0,42,5
51,Rozmiar:rozmiar:0,43,7
51,Rozmiar:rozmiar:0,44,5
51,Rozmiar:rozmiar:0,45,16
51,Rozmiar:rozmiar:0,46,50
52,Rozmiar:rozmiar:0,41,34
52,Rozmiar:rozmiar:0,42,18
52,Rozmiar:rozmiar:0,43,34
52,Rozmiar:rozmiar:0,44,30
52,Rozmiar:rozmiar:0,45,7
52,Rozmiar:rozmiar:0,46,50
53,Rozmiar:rozmiar:0,41,7
53,Rozmiar:rozmiar:0,42,32
53,Rozmiar:rozmiar:0,43,11
53,Rozmiar:rozmiar:0,44,25
53,Rozmiar:rozmiar:0,45,36
53,Rozmiar:rozmiar:0,46,47
54,Rozmiar:rozmiar:0,40,35
54,Rozmiar:rozmiar:0,41,10
54,Rozmiar:rozmiar:0,42,32
54,Rozmiar:rozmiar:0,43,18
54,Rozmiar:rozmiar:0,44,49
54,Rozmiar:rozmiar:0,45,44
54,Rozmiar:rozmiar:0,46,24
54,Rozmiar:rozmiar:0,47.5,3
55,Rozmiar:rozmiar:0,40,11
55,Rozmiar:rozmiar:0,41,2
55,Rozmiar:rozmiar:0,42,45
55,Rozmiar:rozmiar:0,43,38
55,Rozmiar:rozmiar:0,44,25
55,Rozmiar:rozmiar:0,45,0
55,Rozmiar:rozmiar:0,46,18
55,Rozmiar:rozmiar:0,47.5,44
56,Rozmiar:rozmiar:0,40,1
56,Rozmiar:rozmiar:0,41,13
56,Rozmiar:rozmiar:0,42,4
56,Rozmiar:rozmiar:0,43,13
56,Rozmiar:rozmiar:0,44,0
56,Rozmiar:rozmiar:0,45,24
56,Rozmiar:rozmiar:0,46,21
56,Rozmiar:rozmiar:0,47.5,50
57,Rozmiar:rozmiar:0,40,29
57,Rozmiar:rozmiar:0,41,44
57,Rozmiar:rozmiar:0,42,4
57,Rozmiar:rozmiar:0,43,24
57,Rozmiar:rozmiar:0,44,45
57,Rozmiar:rozmiar:0,45,27
57,Rozmiar:rozmiar:0,46,11
57,Rozmiar:rozmiar:0,47.5,36
58,Rozmiar:rozmiar:0,40,2
58,Rozmiar:rozmiar:0,41,48
58,Rozmiar:rozmiar:0,42,44
58,Rozmiar:rozmiar:0,43,20
58,Rozmiar:rozmiar:0,44,21
58,Rozmiar:rozmiar:0,45,7
58,Rozmiar:rozmiar:0,46,3
58,Rozmiar:rozmiar:0,47.5,37
59,Rozmiar:rozmiar:0,40,50
59,Rozmiar:rozmiar:0,41,32
59,Rozmiar:rozmiar:0,42,35
59,Rozmiar:rozmiar:0,43,37
59,Rozmiar:rozmiar:0,44,47
59,Rozmiar:rozmiar:0,45,7
59,Rozmiar:rozmiar:0,46,5
59,Rozmiar:rozmiar:0,47.5,38
60,Rozmiar:rozmiar:0,40,24
60,Rozmiar:rozmiar:0,41,48
60,Rozmiar:rozmiar:0,42,26
60,Rozmiar:rozmiar:0,43,9
60,Rozmiar:rozmiar:0,44,29
60,Rozmiar:rozmiar:0,45,30
60,Rozmiar:rozmiar:0,46,11
60,Rozmiar:rozmiar:0,47.5,43
61,Rozmiar:rozmiar:0,40,24
61,Rozmiar:rozmiar:0,41,30
61,Rozmiar:rozmiar:0,42,48
61,Rozmiar:rozmiar:0,43,8
61,Rozmiar:rozmiar:0,44,35
61,Rozmiar:rozmiar:0,45,12
61,Rozmiar:rozmiar:0,46,5
61,Rozmiar:rozmiar:0,47.5,43
62,Rozmiar:rozmiar:0,41.5,7
62,Rozmiar:rozmiar:0,42,35
62,Rozmiar:rozmiar:0,43.5,13
62,Rozmiar:rozmiar:0,44,48
63,Rozmiar:rozmiar:0,41.5,26
63,Rozmiar:rozmiar:0,42,23
63,Rozmiar:rozmiar:0,43.5,9
63,Rozmiar:rozmiar:0,44,17
64,Rozmiar:rozmiar:0,41,44
65,Rozmiar:rozmiar:0,41,9
66,Rozmiar:rozmiar:0,40,36
66,Rozmiar:rozmiar:0,41,49
66,Rozmiar:rozmiar:0,42,30
66,Rozmiar:rozmiar:0,43,29
66,Rozmiar:rozmiar:0,44,15
66,Rozmiar:rozmiar:0,45,39
66,Rozmiar:rozmiar:0,46,47
67,Rozmiar:rozmiar:0,40,31
67,Rozmiar:rozmiar:0,41,7
67,Rozmiar:rozmiar:0,42,8
67,Rozmiar:rozmiar:0,43,11
67,Rozmiar:rozmiar:0,44,48
67,Rozmiar:rozmiar:0,45,35
67,Rozmiar:rozmiar:0,46,10
68,Rozmiar:rozmiar:0,40,23
68,Rozmiar:rozmiar:0,41,35
68,Rozmiar:rozmiar:0,42,7
68,Rozmiar:rozmiar:0,43,0
68,Rozmiar:rozmiar:0,44,12
68,Rozmiar:rozmiar:0,45,30
68,Rozmiar:rozmiar:0,46,13
69,Rozmiar:rozmiar:0,40,17
69,Rozmiar:rozmiar:0,41,14
69,Rozmiar:rozmiar:0,42,21
69,Rozmiar:rozmiar:0,43,5
69,Rozmiar:rozmiar:0,44,38
69,Rozmiar:rozmiar:0,45,23
69,Rozmiar:rozmiar:0,46,41
70,Rozmiar:rozmiar:0,40,32
70,Rozmiar:rozmiar:0,41,10
70,Rozmiar:rozmiar:0,42,19
70,Rozmiar:rozmiar:0,43,15
70,Rozmiar:rozmiar:0,44,11
70,Rozmiar:rozmiar:0,45,49
70,Rozmiar:rozmiar:0,46,43
71,Rozmiar:rozmiar:0,40,45
71,Rozmiar:rozmiar:0,41,27
71,Rozmiar:rozmiar:0,42,2
71,Rozmiar:rozmiar:0,43,49
71,Rozmiar:rozmiar:0,44,49
71,Rozmiar:rozmiar:0,45,50
71,Rozmiar:rozmiar:0,46,11
72,Rozmiar:rozmiar:0,40,4
72,Rozmiar:rozmiar:0,41,50
72,Rozmiar:rozmiar:0,42,32
72,Rozmiar:rozmiar:0,43,34
72,Rozmiar:rozmiar:0,44,20
72,Rozmiar:rozmiar:0,45,33
73,Rozmiar:rozmiar:0,40,28
73,Rozmiar:rozmiar:0,41,49
73,Rozmiar:rozmiar:0,42,0
73,Rozmiar:rozmiar:0,43,18
73,Rozmiar:rozmiar:0,44,6
73,Rozmiar:rozmiar:0,45,44
74,Rozmiar:rozmiar:0,40,35
74,Rozmiar:rozmiar:0,41,17
74,Rozmiar:rozmiar:0,42,31
74,Rozmiar:rozmiar:0,43,43
74,Rozmiar:rozmiar:0,44,40
74,Rozmiar:rozmiar:0,45,43
74,Rozmiar:rozmiar:0,46,4
75,Rozmiar:rozmiar:0,40,24
75,Rozmiar:rozmiar:0,41,30
75,Rozmiar:rozmiar:0,42,38
75,Rozmiar:rozmiar:0,43,35
75,Rozmiar:rozmiar:0,44,12
75,Rozmiar:rozmiar:0,45,47
75,Rozmiar:rozmiar:0,46,7
76,Rozmiar:rozmiar:0,40,13
76,Rozmiar:rozmiar:0,41,21
76,Rozmiar:rozmiar:0,42,12
76,Rozmiar:rozmiar:0,43,41
76,Rozmiar:rozmiar:0,44,26
76,Rozmiar:rozmiar:0,45,46
77,Rozmiar:rozmiar:0,40,32
77,Rozmiar:rozmiar:0,41,33
77,Rozmiar:rozmiar:0,42,10
77,Rozmiar:rozmiar:0,43,0
77,Rozmiar:rozmiar:0,44,23
77,Rozmiar:rozmiar:0,45,48
78,Rozmiar:rozmiar:0,40,50
78,Rozmiar:rozmiar:0,41,25
78,Rozmiar:rozmiar:0,42,11
78,Rozmiar:rozmiar:0,43,30
78,Rozmiar:rozmiar:0,44,40
78,Rozmiar:rozmiar:0,45,12
78,Rozmiar:rozmiar:0,46,43
79,Rozmiar:rozmiar:0,40,47
79,Rozmiar:rozmiar:0,41,40
79,Rozmiar:rozmiar:0,42,22
79,Rozmiar:rozmiar:0,43,49
79,Rozmiar:rozmiar:0,44,34
79,Rozmiar:rozmiar:0,45,28
79,Rozmiar:rozmiar:0,46,5
80,Rozmiar:rozmiar:0,40,9
80,Rozmiar:rozmiar:0,41,7
80,Rozmiar:rozmiar:0,42,45
80,Rozmiar:rozmiar:0,43,30
80,Rozmiar:rozmiar:0,44,25
80,Rozmiar:rozmiar:0,45,42
80,Rozmiar:rozmiar:0,46,0
81,Rozmiar:rozmiar:0,40,44
81,Rozmiar:rozmiar:0,41,4
81,Rozmiar:rozmiar:0,42,18
81,Rozmiar:rozmiar:0,43,39
81,Rozmiar:rozmiar:0,44,49
81,Rozmiar:rozmiar:0,45,46
81,Rozmiar:rozmiar:0,46,50
82,Rozmiar:rozmiar:0,40,6
82,Rozmiar:rozmiar:0,41,48
82,Rozmiar:rozmiar:0,42,20
82,Rozmiar:rozmiar:0,43,19
82,Rozmiar:rozmiar:0,44,24
82,Rozmiar:rozmiar:0,45,41
82,Rozmiar:rozmiar:0,46,48
82,Rozmiar:rozmiar:0,47.5,22
83,Rozmiar:rozmiar:0,40,37
83,Rozmiar:rozmiar:0,41,32
83,Rozmiar:rozmiar:0,42,5
83,Rozmiar:rozmiar:0,43,40
83,Rozmiar:rozmiar:0,44,28
83,Rozmiar:rozmiar:0,45,47
83,Rozmiar:rozmiar:0,46,24
83,Rozmiar:rozmiar:0,47.5,20
84,Rozmiar:rozmiar:0,40,11
84,Rozmiar:rozmiar:0,41,40
84,Rozmiar:rozmiar:0,42,45
84,Rozmiar:rozmiar:0,43,40
84,Rozmiar:rozmiar:0,44,49
84,Rozmiar:rozmiar:0,45,1
85,Rozmiar:rozmiar:0,40,36
85,Rozmiar:rozmiar:0,41,29
85,Rozmiar:rozmiar:0,42,15
85,Rozmiar:rozmiar:0,43,30
85,Rozmiar:rozmiar:0,44,41
85,Rozmiar:rozmiar:0,45,7
86,Rozmiar:rozmiar:0,40,36
86,Rozmiar:rozmiar:0,41,0
86,Rozmiar:rozmiar:0,42,6
86,Rozmiar:rozmiar:0,43,11
86,Rozmiar:rozmiar:0,44,44
86,Rozmiar:rozmiar:0,45,8
87,Rozmiar:rozmiar:0,40,30
87,Rozmiar:rozmiar:0,41,21
87,Rozmiar:rozmiar:0,42,11
87,Rozmiar:rozmiar:0,43,40
87,Rozmiar:rozmiar:0,44,29
87,Rozmiar:rozmiar:0,45,40
88,Rozmiar:rozmiar:0,40,12
88,Rozmiar:rozmiar:0,41,27
88,Rozmiar:rozmiar:0,42,36
88,Rozmiar:rozmiar:0,43,37
88,Rozmiar:rozmiar:0,44,3
88,Rozmiar:rozmiar:0,45,33
88,Rozmiar:rozmiar:0,46,39
89,Rozmiar:rozmiar:0,40,18
89,Rozmiar:rozmiar:0,41,5
89,Rozmiar:rozmiar:0,42,2
89,Rozmiar:rozmiar:0,43,29
89,Rozmiar:rozmiar:0,44,43
89,Rozmiar:rozmiar:0,45,16
89,Rozmiar:rozmiar:0,46,19
90,Rozmiar:rozmiar:0,40,6
90,Rozmiar:rozmiar:0,41,33
90,Rozmiar:rozmiar:0,43,44
90,Rozmiar:rozmiar:0,45,43
91,Rozmiar:rozmiar:0,40,0
91,Rozmiar:rozmiar:0,41,24
91,Rozmiar:rozmiar:0,43,18
91,Rozmiar:rozmiar:0,45,25
92,Rozmiar:rozmiar:0,40,4
92,Rozmiar:rozmiar:0,41,36
92,Rozmiar:rozmiar:0,42,14
92,Rozmiar:rozmiar:0,43,15
92,Rozmiar:rozmiar:0,44,8
92,Rozmiar:rozmiar:0,45,7
92,Rozmiar:rozmiar:0,46,28
93,Rozmiar:rozmiar:0,40,8
93,Rozmiar:rozmiar:0,41,37
93,Rozmiar:rozmiar:0,42,47
93,Rozmiar:rozmiar:0,43,8
93,Rozmiar:rozmiar:0,44,29
93,Rozmiar:rozmiar:0,45,32
93,Rozmiar:rozmiar:0,46,4
94,Rozmiar:rozmiar:0,41,28
94,Rozmiar:rozmiar:0,42,34
94,Rozmiar:rozmiar:0,43,50
94,Rozmiar:rozmiar:0,44,39
94,Rozmiar:rozmiar:0,45,20
95,Rozmiar:rozmiar:0,41,33
95,Rozmiar:rozmiar:0,42,0
95,Rozmiar:rozmiar:0,43,5
95,Rozmiar:rozmiar:0,44,31
95,Rozmiar:rozmiar:0,45,5
96,Rozmiar:rozmiar:0,40,41
96,Rozmiar:rozmiar:0,41,18
96,Rozmiar:rozmiar:0,42,24
96,Rozmiar:rozmiar:0,43,42
96,Rozmiar:rozmiar:0,44,31
97,Rozmiar:rozmiar:0,40,4
97,Rozmiar:rozmiar:0,41,3
97,Rozmiar:rozmiar:0,42,8
97,Rozmiar:rozmiar:0,43,4
97,Rozmiar:rozmiar:0,44,3
98,Rozmiar:rozmiar:0,40,40
98,Rozmiar:rozmiar:0,41,42
98,Rozmiar:rozmiar:0,42,32
98,Rozmiar:rozmiar:0,43,48
98,Rozmiar:rozmiar:0,44,33
98,Rozmiar:rozmiar:0,45,29
99,Rozmiar:rozmiar:0,40,22
99,Rozmiar:rozmiar:0,41,30
99,Rozmiar:rozmiar:0,42,27
99,Rozmiar:rozmiar:0,43,0
99,Rozmiar:rozmiar:0,44,11
99,Rozmiar:rozmiar:0,45,16
100,Rozmiar:rozmiar:0,40,1
100,Rozmiar:rozmiar:0,41,44
100,Rozmiar:rozmiar:0,42,44
100,Rozmiar:rozmiar:0,43,8
100,Rozmiar:rozmiar:0,44,36
100,Rozmiar:rozmiar:0,45,7
100,Rozmiar:rozmiar:0,46,39
100,Rozmiar:rozmiar:0,47.5,37
101,Rozmiar:rozmiar:0,40,38
101,Rozmiar:rozmiar:0,41,19
101,Rozmiar:rozmiar:0,42,20
101,Rozmiar:rozmiar:0,43,37
101,Rozmiar:rozmiar:0,44,20
101,Rozmiar:rozmiar:0,45,10
101,Rozmiar:rozmiar:0,46,27
101,Rozmiar:rozmiar:0,47.5,42
102,Rozmiar:rozmiar:0,40,6
102,Rozmiar:rozmiar:0,41,0
102,Rozmiar:rozmiar:0,42,26
102,Rozmiar:rozmiar:0,43,28
102,Rozmiar:rozmiar:0,44,36
102,Rozmiar:rozmiar:0,45,21
103,Rozmiar:rozmiar:0,40,27
103,Rozmiar:rozmiar:0,41,42
103,Rozmiar:rozmiar:0,42,29
103,Rozmiar:rozmiar:0,43,49
103,Rozmiar:rozmiar:0,44,19
103,Rozmiar:rozmiar:0,45,28
104,Rozmiar:rozmiar:0,40,34
104,Rozmiar:rozmiar:0,41,5
104,Rozmiar:rozmiar:0,42,36
104,Rozmiar:rozmiar:0,43,26
104,Rozmiar:rozmiar:0,44,45
104,Rozmiar:rozmiar:0,45,1
105,Rozmiar:rozmiar:0,40,7
105,Rozmiar:rozmiar:0,41,50
105,Rozmiar:rozmiar:0,42,12
105,Rozmiar:rozmiar:0,43,5
105,Rozmiar:rozmiar:0,44,32
105,Rozmiar:rozmiar:0,45,21
106,Rozmiar:rozmiar:0,40,12
106,Rozmiar:rozmiar:0,41,22
106,Rozmiar:rozmiar:0,42,47
106,Rozmiar:rozmiar:0,43,9
106,Rozmiar:rozmiar:0,44,13
106,Rozmiar:rozmiar:0,45,40
107,Rozmiar:rozmiar:0,40,36
107,Rozmiar:rozmiar:0,41,3
107,Rozmiar:rozmiar:0,42,33
107,Rozmiar:rozmiar:0,43,15
107,Rozmiar:rozmiar:0,44,16
107,Rozmiar:rozmiar:0,45,39
108,Rozmiar:rozmiar:0,40,35
108,Rozmiar:rozmiar:0,41,37
108,Rozmiar:rozmiar:0,42,5
108,Rozmiar:rozmiar:0,43,8
108,Rozmiar:rozmiar:0,44,19
108,Rozmiar:rozmiar:0,45,22
109,Rozmiar:rozmiar:0,40,25
109,Rozmiar:rozmiar:0,41,4
109,Rozmiar:rozmiar:0,42,34
109,Rozmiar:rozmiar:0,43,36
109,Rozmiar:rozmiar:0,44,9
109,Rozmiar:rozmiar:0,45,46
110,Rozmiar:rozmiar:0,40,24
110,Rozmiar:rozmiar:0,41,5
110,Rozmiar:rozmiar:0,42,39
110,Rozmiar:rozmiar:0,43,24
110,Rozmiar:rozmiar:0,44,28
110,Rozmiar:rozmiar:0,45,9
111,Rozmiar:rozmiar:0,40,3
111,Rozmiar:rozmiar:0,41,47
111,Rozmiar:rozmiar:0,42,30
111,Rozmiar:rozmiar:0,43,16
111,Rozmiar:rozmiar:0,44,35
111,Rozmiar:rozmiar:0,45,2
112,Rozmiar:rozmiar:0,40,4
112,Rozmiar:rozmiar:0,41,45
112,Rozmiar:rozmiar:0,42,27
112,Rozmiar:rozmiar:0,43,39
112,Rozmiar:rozmiar:0,44,25
112,Rozmiar:rozmiar:0,45,23
112,Rozmiar:rozmiar:0,46,39
113,Rozmiar:rozmiar:0,40,19
113,Rozmiar:rozmiar:0,41,40
113,Rozmiar:rozmiar:0,42,4
113,Rozmiar:rozmiar:0,43,34
113,Rozmiar:rozmiar:0,44,19
113,Rozmiar:rozmiar:0,45,21
113,Rozmiar:rozmiar:0,46,29
114,Rozmiar:rozmiar:0,40,47
114,Rozmiar:rozmiar:0,41,22
114,Rozmiar:rozmiar:0,42,6
114,Rozmiar:rozmiar:0,43,45
114,Rozmiar:rozmiar:0,44,25
114,Rozmiar:rozmiar:0,45,17
114,Rozmiar:rozmiar:0,46,8
115,Rozmiar:rozmiar:0,40,14
115,Rozmiar:rozmiar:0,41,34
115,Rozmiar:rozmiar:0,42,32
115,Rozmiar:rozmiar:0,43,44
115,Rozmiar:rozmiar:0,44,12
115,Rozmiar:rozmiar:0,45,5
115,Rozmiar:rozmiar:0,46,37
116,Rozmiar:rozmiar:0,40,25
116,Rozmiar:rozmiar:0,41,8
116,Rozmiar:rozmiar:0,42,45
116,Rozmiar:rozmiar:0,43,40
116,Rozmiar:rozmiar:0,44,6
116,Rozmiar:rozmiar:0,45,7
116,Rozmiar:rozmiar:0,46,5
117,Rozmiar:rozmiar:0,40,43
117,Rozmiar:rozmiar:0,41,5
117,Rozmiar:rozmiar:0,42,16
117,Rozmiar:rozmiar:0,43,16
117,Rozmiar:rozmiar:0,44,19
117,Rozmiar:rozmiar:0,45,33
117,Rozmiar:rozmiar:0,46,45
118,Rozmiar:rozmiar:0,40,24
118,Rozmiar:rozmiar:0,41,18
118,Rozmiar:rozmiar:0,42,23
118,Rozmiar:rozmiar:0,43,5
118,Rozmiar:rozmiar:0,44,22
118,Rozmiar:rozmiar:0,45,12
118,Rozmiar:rozmiar:0,46,3
119,Rozmiar:rozmiar:0,40,41
119,Rozmiar:rozmiar:0,41,19
119,Rozmiar:rozmiar:0,42,21
119,Rozmiar:rozmiar:0,43,36
119,Rozmiar:rozmiar:0,44,29
119,Rozmiar:rozmiar:0,45,23
119,Rozmiar:rozmiar:0,46,42
120,Rozmiar:rozmiar:0,40,6
120,Rozmiar:rozmiar:0,41,13
120,Rozmiar:rozmiar:0,42,7
120,Rozmiar:rozmiar:0,43,17
120,Rozmiar:rozmiar:0,44,34
120,Rozmiar:rozmiar:0,45,2
120,Rozmiar:rozmiar:0,47,6
121,Rozmiar:rozmiar:0,40,38
121,Rozmiar:rozmiar:0,41,36
121,Rozmiar:rozmiar:0,42,16
121,Rozmiar:rozmiar:0,43,7
121,Rozmiar:rozmiar:0,44,2
121,Rozmiar:rozmiar:0,45,10
121,Rozmiar:rozmiar:0,47,42
122,Rozmiar:rozmiar:0,41,18
122,Rozmiar:rozmiar:0,42,30
122,Rozmiar:rozmiar:0,43,0
122,Rozmiar:rozmiar:0,44,24
122,Rozmiar:rozmiar:0,45,13
122,Rozmiar:rozmiar:0,46,6
123,Rozmiar:rozmiar:0,41,13
123,Rozmiar:rozmiar:0,42,29
123,Rozmiar:rozmiar:0,43,45
123,Rozmiar:rozmiar:0,44,22
123,Rozmiar:rozmiar:0,45,10
123,Rozmiar:rozmiar:0,46,15
124,Rozmiar:rozmiar:0,40,12
124,Rozmiar:rozmiar:0,41,15
124,Rozmiar:rozmiar:0,42,16
124,Rozmiar:rozmiar:0,43,40
124,Rozmiar:rozmiar:0,44,27
124,Rozmiar:rozmiar:0,45,48
124,Rozmiar:rozmiar:0,46,48
125,Rozmiar:rozmiar:0,40,4
125,Rozmiar:rozmiar:0,41,9
125,Rozmiar:rozmiar:0,42,14
125,Rozmiar:rozmiar:0,43,5
125,Rozmiar:rozmiar:0,44,22
125,Rozmiar:rozmiar:0,45,9
125,Rozmiar:rozmiar:0,46,27
126,Rozmiar:rozmiar:0,40,47
126,Rozmiar:rozmiar:0,41,20
126,Rozmiar:rozmiar:0,42,24
126,Rozmiar:rozmiar:0,43,27
126,Rozmiar:rozmiar:0,44,7
126,Rozmiar:rozmiar:0,45,45
126,Rozmiar:rozmiar:0,46,20
127,Rozmiar:rozmiar:0,40,28
127,Rozmiar:rozmiar:0,41,18
127,Rozmiar:rozmiar:0,42,11
127,Rozmiar:rozmiar:0,43,25
127,Rozmiar:rozmiar:0,44,26
127,Rozmiar:rozmiar:0,45,5
127,Rozmiar:rozmiar:0,46,49
128,Rozmiar:rozmiar:0,41,2
128,Rozmiar:rozmiar:0,42,23
128,Rozmiar:rozmiar:0,43,37
128,Rozmiar:rozmiar:0,44,49
128,Rozmiar:rozmiar:0,45,32
129,Rozmiar:rozmiar:0,41,11
129,Rozmiar:rozmiar:0,42,33
129,Rozmiar:rozmiar:0,43,24
129,Rozmiar:rozmiar:0,44,25
129,Rozmiar:rozmiar:0,45,25
130,Rozmiar:rozmiar:0,40,4
130,Rozmiar:rozmiar:0,41,24
130,Rozmiar:rozmiar:0,42,11
130,Rozmiar:rozmiar:0,43,16
130,Rozmiar:rozmiar:0,44,5
130,Rozmiar:rozmiar:0,45,2
130,Rozmiar:rozmiar:0,46,8
131,Rozmiar:rozmiar:0,40,43
131,Rozmiar:rozmiar:0,41,18
131,Rozmiar:rozmiar:0,42,7
131,Rozmiar:rozmiar:0,43,48
131,Rozmiar:rozmiar:0,44,30
131,Rozmiar:rozmiar:0,45,5
131,Rozmiar:rozmiar:0,46,47
132,Rozmiar:rozmiar:0,40,15
132,Rozmiar:rozmiar:0,41,29
132,Rozmiar:rozmiar:0,42,49
132,Rozmiar:rozmiar:0,43,24
132,Rozmiar:rozmiar:0,44,7
132,Rozmiar:rozmiar:0,45,6
132,Rozmiar:rozmiar:0,46,12
133,Rozmiar:rozmiar:0,40,26
133,Rozmiar:rozmiar:0,41,1
133,Rozmiar:rozmiar:0,42,36
133,Rozmiar:rozmiar:0,43,4
133,Rozmiar:rozmiar:0,44,0
133,Rozmiar:rozmiar:0,45,47
133,Rozmiar:rozmiar:0,46,31
134,Rozmiar:rozmiar:0,40,27
134,Rozmiar:rozmiar:0,41,42
134,Rozmiar:rozmiar:0,42,39
134,Rozmiar:rozmiar:0,43,16
134,Rozmiar:rozmiar:0,44,1
134,Rozmiar:rozmiar:0,45,42
134,Rozmiar:rozmiar:0,46,16
135,Rozmiar:rozmiar:0,40,16
135,Rozmiar:rozmiar:0,41,11
135,Rozmiar:rozmiar:0,42,36
135,Rozmiar:rozmiar:0,43,25
135,Rozmiar:rozmiar:0,44,49
135,Rozmiar:rozmiar:0,45,5
135,Rozmiar:rozmiar:0,46,3
136,Rozmiar:rozmiar:0,40,12
136,Rozmiar:rozmiar:0,41,40
136,Rozmiar:rozmiar:0,42,44
136,Rozmiar:rozmiar:0,43,11
136,Rozmiar:rozmiar:0,44,35
136,Rozmiar:rozmiar:0,45,39
136,Rozmiar:rozmiar:0,46,11
137,Rozmiar:rozmiar:0,40,19
137,Rozmiar:rozmiar:0,41,18
137,Rozmiar:rozmiar:0,42,29
137,Rozmiar:rozmiar:0,43,40
137,Rozmiar:rozmiar:0,44,3
137,Rozmiar:rozmiar:0,45,46
137,Rozmiar:rozmiar:0,46,30
138,Rozmiar:rozmiar:0,40,6
138,Rozmiar:rozmiar:0,41,5
138,Rozmiar:rozmiar:0,42,31
138,Rozmiar:rozmiar:0,43,6
138,Rozmiar:rozmiar:0,44,19
138,Rozmiar:rozmiar:0,45,19
139,Rozmiar:rozmiar:0,40,21
139,Rozmiar:rozmiar:0,41,12
139,Rozmiar:rozmiar:0,42,47
139,Rozmiar:rozmiar:0,43,24
139,Rozmiar:rozmiar:0,44,22
139,Rozmiar:rozmiar:0,45,2
140,Rozmiar:rozmiar:0,40,25
140,Rozmiar:rozmiar:0,41,32
140,Rozmiar:rozmiar:0,42,12
140,Rozmiar:rozmiar:0,43,17
140,Rozmiar:rozmiar:0,44,20
140,Rozmiar:rozmiar:0,45,47
140,Rozmiar:rozmiar:0,46,6
141,Rozmiar:rozmiar:0,40,30
141,Rozmiar:rozmiar:0,41,15
141,Rozmiar:rozmiar:0,42,3
141,Rozmiar:rozmiar:0,43,13
141,Rozmiar:rozmiar:0,44,34
141,Rozmiar:rozmiar:0,45,17
141,Rozmiar:rozmiar:0,46,3
142,Rozmiar:rozmiar:0,40,48
142,Rozmiar:rozmiar:0,41,46
142,Rozmiar:rozmiar:0,42,24
142,Rozmiar:rozmiar:0,43,9
142,Rozmiar:rozmiar:0,44,49
142,Rozmiar:rozmiar:0,45,47
142,Rozmiar:rozmiar:0,46,43
143,Rozmiar:rozmiar:0,40,5
143,Rozmiar:rozmiar:0,41,33
143,Rozmiar:rozmiar:0,42,28
143,Rozmiar:rozmiar:0,43,14
143,Rozmiar:rozmiar:0,44,23
143,Rozmiar:rozmiar:0,45,7
143,Rozmiar:rozmiar:0,46,27
144,Rozmiar:rozmiar:0,40,43
144,Rozmiar:rozmiar:0,41,26
144,Rozmiar:rozmiar:0,42,19
144,Rozmiar:rozmiar:0,43,4
144,Rozmiar:rozmiar:0,44,36
144,Rozmiar:rozmiar:0,45,4
144,Rozmiar:rozmiar:0,46,6
145,Rozmiar:rozmiar:0,40,2
145,Rozmiar:rozmiar:0,41,49
145,Rozmiar:rozmiar:0,42,31
145,Rozmiar:rozmiar:0,43,39
145,Rozmiar:rozmiar:0,44,1
145,Rozmiar:rozmiar:0,45,18
145,Rozmiar:rozmiar:0,46,10
146,Rozmiar:rozmiar:0,40,41
146,Rozmiar:rozmiar:0,41,14
146,Rozmiar:rozmiar:0,42,17
146,Rozmiar:rozmiar:0,43,10
146,Rozmiar:rozmiar:0,44,19
146,Rozmiar:rozmiar:0,45,11
146,Rozmiar:rozmiar:0,46,46
147,Rozmiar:rozmiar:0,40,38
147,Rozmiar:rozmiar:0,41,48
147,Rozmiar:rozmiar:0,42,9
147,Rozmiar:rozmiar:0,43,48
147,Rozmiar:rozmiar:0,44,38
147,Rozmiar:rozmiar:0,45,39
147,Rozmiar:rozmiar:0,46,14
148,Rozmiar:rozmiar:0,42,3
148,Rozmiar:rozmiar:0,43,12
148,Rozmiar:rozmiar:0,44,32
148,Rozmiar:rozmiar:0,45,13
149,Rozmiar:rozmiar:0,42,34
149,Rozmiar:rozmiar:0,43,14
149,Rozmiar:rozmiar:0,44,12
149,Rozmiar:rozmiar:0,45,6
150,Rozmiar:rozmiar:0,40,12
150,Rozmiar:rozmiar:0,41,48
150,Rozmiar:rozmiar:0,42,2
150,Rozmiar:rozmiar:0,43,18
150,Rozmiar:rozmiar:0,44,32
150,Rozmiar:rozmiar:0,45,36
150,Rozmiar:rozmiar:0,46,34
150,Rozmiar:rozmiar:0,47,29
151,Rozmiar:rozmiar:0,40,1
151,Rozmiar:rozmiar:0,41,40
151,Rozmiar:rozmiar:0,42,30
151,Rozmiar:rozmiar:0,43,7
151,Rozmiar:rozmiar:0,44,50
151,Rozmiar:rozmiar:0,45,6
151,Rozmiar:rozmiar:0,46,48
151,Rozmiar:rozmiar:0,47,10
152,Rozmiar:rozmiar:0,40,12
152,Rozmiar:rozmiar:0,41,35
152,Rozmiar:rozmiar:0,42,28
152,Rozmiar:rozmiar:0,43,25
152,Rozmiar:rozmiar:0,44,44
152,Rozmiar:rozmiar:0,45,43
152,Rozmiar:rozmiar:0,46,15
153,Rozmiar:rozmiar:0,40,33
153,Rozmiar:rozmiar:0,41,29
153,Rozmiar:rozmiar:0,42,33
153,Rozmiar:rozmiar:0,43,44
153,Rozmiar:rozmiar:0,44,23
153,Rozmiar:rozmiar:0,45,21
153,Rozmiar:rozmiar:0,46,10
154,Rozmiar:rozmiar:0,40,10
154,Rozmiar:rozmiar:0,41,15
154,Rozmiar:rozmiar:0,42,47
154,Rozmiar:rozmiar:0,43,28
154,Rozmiar:rozmiar:0,44,14
154,Rozmiar:rozmiar:0,45,0
154,Rozmiar:rozmiar:0,46,35
154,Rozmiar:rozmiar:0,47,34
155,Rozmiar:rozmiar:0,40,12
155,Rozmiar:rozmiar:0,41,0
155,Rozmiar:rozmiar:0,42,12
155,Rozmiar:rozmiar:0,43,24
155,Rozmiar:rozmiar:0,44,40
155,Rozmiar:rozmiar:0,45,38
155,Rozmiar:rozmiar:0,46,17
155,Rozmiar:rozmiar:0,47,33
156,Rozmiar:rozmiar:0,40,26
156,Rozmiar:rozmiar:0,41,49
156,Rozmiar:rozmiar:0,42,0
156,Rozmiar:rozmiar:0,43,29
156,Rozmiar:rozmiar:0,44,12
156,Rozmiar:rozmiar:0,45,7
156,Rozmiar:rozmiar:0,46,30
157,Rozmiar:rozmiar:0,40,20
157,Rozmiar:rozmiar:0,41,8
157,Rozmiar:rozmiar:0,42,34
157,Rozmiar:rozmiar:0,43,11
157,Rozmiar:rozmiar:0,44,34
157,Rozmiar:rozmiar:0,45,45
157,Rozmiar:rozmiar:0,46,29
158,Rozmiar:rozmiar:0,40,15
158,Rozmiar:rozmiar:0,41,24
158,Rozmiar:rozmiar:0,42,16
158,Rozmiar:rozmiar:0,43,22
158,Rozmiar:rozmiar:0,44,41
158,Rozmiar:rozmiar:0,45,41
158,Rozmiar:rozmiar:0,46,41
159,Rozmiar:rozmiar:0,40,48
159,Rozmiar:rozmiar:0,41,19
159,Rozmiar:rozmiar:0,42,9
159,Rozmiar:rozmiar:0,43,50
159,Rozmiar:rozmiar:0,44,12
159,Rozmiar:rozmiar:0,45,48
159,Rozmiar:rozmiar:0,46,16
160,Rozmiar:rozmiar:0,40,33
160,Rozmiar:rozmiar:0,41,34
160,Rozmiar:rozmiar:0,42,25
160,Rozmiar:rozmiar:0,43,22
160,Rozmiar:rozmiar:0,44,20
160,Rozmiar:rozmiar:0,45,35
160,Rozmiar:rozmiar:0,46,22
160,Rozmiar:rozmiar:0,47.5,22
161,Rozmiar:rozmiar:0,40,17
161,Rozmiar:rozmiar:0,41,5
161,Rozmiar:rozmiar:0,42,3
161,Rozmiar:rozmiar:0,43,17
161,Rozmiar:rozmiar:0,44,22
161,Rozmiar:rozmiar:0,45,38
161,Rozmiar:rozmiar:0,46,33
161,Rozmiar:rozmiar:0,47.5,36
162,Rozmiar:rozmiar:0,40,50
162,Rozmiar:rozmiar:0,41,20
162,Rozmiar:rozmiar:0,42,16
162,Rozmiar:rozmiar:0,43,46
162,Rozmiar:rozmiar:0,44,48
162,Rozmiar:rozmiar:0,45,13
162,Rozmiar:rozmiar:0,46,45
163,Rozmiar:rozmiar:0,40,35
163,Rozmiar:rozmiar:0,41,21
163,Rozmiar:rozmiar:0,42,49
163,Rozmiar:rozmiar:0,43,18
163,Rozmiar:rozmiar:0,44,44
163,Rozmiar:rozmiar:0,45,20
163,Rozmiar:rozmiar:0,46,34
164,Rozmiar:rozmiar:0,41,50
164,Rozmiar:rozmiar:0,42,46
164,Rozmiar:rozmiar:0,43,31
164,Rozmiar:rozmiar:0,44,45
164,Rozmiar:rozmiar:0,45,2
165,Rozmiar:rozmiar:0,41,28
165,Rozmiar:rozmiar:0,42,49
165,Rozmiar:rozmiar:0,43,1
165,Rozmiar:rozmiar:0,44,11
165,Rozmiar:rozmiar:0,45,30
166,Rozmiar:rozmiar:0,40,14
166,Rozmiar:rozmiar:0,41,34
166,Rozmiar:rozmiar:0,42,5
166,Rozmiar:rozmiar:0,43,2
166,Rozmiar:rozmiar:0,44,49
166,Rozmiar:rozmiar:0,45,21
166,Rozmiar:rozmiar:0,46,45
167,Rozmiar:rozmiar:0,40,5
167,Rozmiar:rozmiar:0,41,32
167,Rozmiar:rozmiar:0,42,23
167,Rozmiar:rozmiar:0,43,4
167,Rozmiar:rozmiar:0,44,33
167,Rozmiar:rozmiar:0,45,22
167,Rozmiar:rozmiar:0,46,25
168,Rozmiar:rozmiar:0,40,7
168,Rozmiar:rozmiar:0,41,50
168,Rozmiar:rozmiar:0,42,7
168,Rozmiar:rozmiar:0,43,5
168,Rozmiar:rozmiar:0,44,24
168,Rozmiar:rozmiar:0,45,8
168,Rozmiar:rozmiar:0,46,32
169,Rozmiar:rozmiar:0,40,2
169,Rozmiar:rozmiar:0,41,31
169,Rozmiar:rozmiar:0,42,11
169,Rozmiar:rozmiar:0,43,27
169,Rozmiar:rozmiar:0,44,20
169,Rozmiar:rozmiar:0,45,23
169,Rozmiar:rozmiar:0,46,34
170,Rozmiar:rozmiar:0,40,47
170,Rozmiar:rozmiar:0,41,13
170,Rozmiar:rozmiar:0,42,28
170,Rozmiar:rozmiar:0,43,45
170,Rozmiar:rozmiar:0,44,3
170,Rozmiar:rozmiar:0,45,17
171,Rozmiar:rozmiar:0,40,39
171,Rozmiar:rozmiar:0,41,39
171,Rozmiar:rozmiar:0,42,41
171,Rozmiar:rozmiar:0,43,36
171,Rozmiar:rozmiar:0,44,18
171,Rozmiar:rozmiar:0,45,6
172,Rozmiar:rozmiar:0,40,38
172,Rozmiar:rozmiar:0,41,11
172,Rozmiar:rozmiar:0,42,50
172,Rozmiar:rozmiar:0,43,48
172,Rozmiar:rozmiar:0,44,15
172,Rozmiar:rozmiar:0,45,44
173,Rozmiar:rozmiar:0,40,40
173,Rozmiar:rozmiar:0,41,0
173,Rozmiar:rozmiar:0,42,4
173,Rozmiar:rozmiar:0,43,47
173,Rozmiar:rozmiar:0,44,39
173,Rozmiar:rozmiar:0,45,34
174,Rozmiar:rozmiar:0,40,2
174,Rozmiar:rozmiar:0,41,7
174,Rozmiar:rozmiar:0,42,5
174,Rozmiar:rozmiar:0,43,18
174,Rozmiar:rozmiar:0,44,13
174,Rozmiar:rozmiar:0,45,39
175,Rozmiar:rozmiar:0,40,22
175,Rozmiar:rozmiar:0,41,7
175,Rozmiar:rozmiar:0,42,42
175,Rozmiar:rozmiar:0,43,45
175,Rozmiar:rozmiar:0,44,43
175,Rozmiar:rozmiar:0,45,13
176,Rozmiar:rozmiar:0,40,5
176,Rozmiar:rozmiar:0,41,18
176,Rozmiar:rozmiar:0,42,32
176,Rozmiar:rozmiar:0,43,4
176,Rozmiar:rozmiar:0,44,29
176,Rozmiar:rozmiar:0,45,4
177,Rozmiar:rozmiar:0,40,48
177,Rozmiar:rozmiar:0,41,46
177,Rozmiar:rozmiar:0,42,27
177,Rozmiar:rozmiar:0,43,17
177,Rozmiar:rozmiar:0,44,36
177,Rozmiar:rozmiar:0,45,10
178,Rozmiar:rozmiar:0,40,44
178,Rozmiar:rozmiar:0,41,25
178,Rozmiar:rozmiar:0,42,40
178,Rozmiar:rozmiar:0,43,50
178,Rozmiar:rozmiar:0,44,21
178,Rozmiar:rozmiar:0,45,8
179,Rozmiar:rozmiar:0,40,32
179,Rozmiar:rozmiar:0,41,9
179,Rozmiar:rozmiar:0,42,11
179,Rozmiar:rozmiar:0,43,15
179,Rozmiar:rozmiar:0,44,18
179,Rozmiar:rozmiar:0,45,31
180,Rozmiar:rozmiar:0,40,30
180,Rozmiar:rozmiar:0,41,6
180,Rozmiar:rozmiar:0,42,39
180,Rozmiar:rozmiar:0,43,8
180,Rozmiar:rozmiar:0,44,34
180,Rozmiar:rozmiar:0,45,21
181,Rozmiar:rozmiar:0,40,42
181,Rozmiar:rozmiar:0,41,13
181,Rozmiar:rozmiar:0,42,14
181,Rozmiar:rozmiar:0,43,43
181,Rozmiar:rozmiar:0,44,8
181,Rozmiar:rozmiar:0,45,27
182,Rozmiar:rozmiar:0,40,36
182,Rozmiar:rozmiar:0,41,44
182,Rozmiar:rozmiar:0,42,25
182,Rozmiar:rozmiar:0,43,34
182,Rozmiar:rozmiar:0,44,41
182,Rozmiar:rozmiar:0,45,9
182,Rozmiar:rozmiar:0,46,39
183,Rozmiar:rozmiar:0,40,2
183,Rozmiar:rozmiar:0,41,11
183,Rozmiar:rozmiar:0,42,36
183,Rozmiar:rozmiar:0,43,38
183,Rozmiar:rozmiar:0,44,6
183,Rozmiar:rozmiar:0,45,2
183,Rozmiar:rozmiar:0,46,11
184,Rozmiar:rozmiar:0,40,33
184,Rozmiar:rozmiar:0,41,44
184,Rozmiar:rozmiar:0,42,11
184,Rozmiar:rozmiar:0,43,43
184,Rozmiar:rozmiar:0,44,3
184,Rozmiar:rozmiar:0,45,46
185,Rozmiar:rozmiar:0,40,31
185,Rozmiar:rozmiar:0,41,47
185,Rozmiar:rozmiar:0,42,3
185,Rozmiar:rozmiar:0,43,21
185,Rozmiar:rozmiar:0,44,11
185,Rozmiar:rozmiar:0,45,24
186,Rozmiar:rozmiar:0,40,20
186,Rozmiar:rozmiar:0,41,22
186,Rozmiar:rozmiar:0,42,9
186,Rozmiar:rozmiar:0,43,48
186,Rozmiar:rozmiar:0,44,1
186,Rozmiar:rozmiar:0,45,5
187,Rozmiar:rozmiar:0,40,42
187,Rozmiar:rozmiar:0,41,38
187,Rozmiar:rozmiar:0,42,41
187,Rozmiar:rozmiar:0,43,44
187,Rozmiar:rozmiar:0,44,50
187,Rozmiar:rozmiar:0,45,50
188,Rozmiar:rozmiar:0,40,45
188,Rozmiar:rozmiar:0,41,35
188,Rozmiar:rozmiar:0,42,43
188,Rozmiar:rozmiar:0,43,43
188,Rozmiar:rozmiar:0,44,40
188,Rozmiar:rozmiar:0,45,49
189,Rozmiar:rozmiar:0,40,26
189,Rozmiar:rozmiar:0,41,40
189,Rozmiar:rozmiar:0,42,31
189,Rozmiar:rozmiar:0,43,5
189,Rozmiar:rozmiar:0,44,27
189,Rozmiar:rozmiar:0,45,20
190,Rozmiar:rozmiar:0,42,43
190,Rozmiar:rozmiar:0,43,40
190,Rozmiar:rozmiar:0,44,40
190,Rozmiar:rozmiar:0,45,6
191,Rozmiar:rozmiar:0,42,49
191,Rozmiar:rozmiar:0,43,20
191,Rozmiar:rozmiar:0,44,1
191,Rozmiar:rozmiar:0,45,21
192,Rozmiar:rozmiar:0,39,49
193,Rozmiar:rozmiar:0,39,41
194,Rozmiar:rozmiar:0,39,37
195,Rozmiar:rozmiar:0,39,21
196,Rozmiar:rozmiar:0,35,43
196,Rozmiar:rozmiar:0,36,6
196,Rozmiar:rozmiar:0,37,12
196,Rozmiar:rozmiar:0,38,15
196,Rozmiar:rozmiar:0,39,45
196,Rozmiar:rozmiar:0,40,13
196,Rozmiar:rozmiar:0,41,14
197,Rozmiar:rozmiar:0,35,25
197,Rozmiar:rozmiar:0,36,22
197,Rozmiar:rozmiar:0,37,50
197,Rozmiar:rozmiar:0,38,40
197,Rozmiar:rozmiar:0,39,25
197,Rozmiar:rozmiar:0,40,4
197,Rozmiar:rozmiar:0,41,2
198,Rozmiar:rozmiar:0,36,44
198,Rozmiar:rozmiar:0,37,46
198,Rozmiar:rozmiar:0,38,19
198,Rozmiar:rozmiar:0,39,32
198,Rozmiar:rozmiar:0,40,10
199,Rozmiar:rozmiar:0,36,25
199,Rozmiar:rozmiar:0,37,2
199,Rozmiar:rozmiar:0,38,45
199,Rozmiar:rozmiar:0,39,38
199,Rozmiar:rozmiar:0,40,1
200,Rozmiar:rozmiar:0,36,5
200,Rozmiar:rozmiar:0,37,2
200,Rozmiar:rozmiar:0,38,20
200,Rozmiar:rozmiar:0,39,33
200,Rozmiar:rozmiar:0,40,23
201,Rozmiar:rozmiar:0,36,30
201,Rozmiar:rozmiar:0,37,10
201,Rozmiar:rozmiar:0,38,7
201,Rozmiar:rozmiar:0,39,38
201,Rozmiar:rozmiar:0,40,17
202,Rozmiar:rozmiar:0,36,0
202,Rozmiar:rozmiar:0,37,31
202,Rozmiar:rozmiar:0,38,49
202,Rozmiar:rozmiar:0,39,28
202,Rozmiar:rozmiar:0,40,1
203,Rozmiar:rozmiar:0,36,43
203,Rozmiar:rozmiar:0,37,29
203,Rozmiar:rozmiar:0,38,22
203,Rozmiar:rozmiar:0,39,13
203,Rozmiar:rozmiar:0,40,43
204,Rozmiar:rozmiar:0,36,2
204,Rozmiar:rozmiar:0,37,22
204,Rozmiar:rozmiar:0,38,49
204,Rozmiar:rozmiar:0,39,3
204,Rozmiar:rozmiar:0,40,47
205,Rozmiar:rozmiar:0,36,25
205,Rozmiar:rozmiar:0,37,12
205,Rozmiar:rozmiar:0,38,12
205,Rozmiar:rozmiar:0,39,19
205,Rozmiar:rozmiar:0,40,37
206,Rozmiar:rozmiar:0,36,3
206,Rozmiar:rozmiar:0,37,36
206,Rozmiar:rozmiar:0,38,21
206,Rozmiar:rozmiar:0,39,7
206,Rozmiar:rozmiar:0,40,2
207,Rozmiar:rozmiar:0,36,31
207,Rozmiar:rozmiar:0,37,44
207,Rozmiar:rozmiar:0,38,3
207,Rozmiar:rozmiar:0,39,28
207,Rozmiar:rozmiar:0,40,4
208,Rozmiar:rozmiar:0,36,23
208,Rozmiar:rozmiar:0,37,24
208,Rozmiar:rozmiar:0,38,27
208,Rozmiar:rozmiar:0,39,38
208,Rozmiar:rozmiar:0,40,21
209,Rozmiar:rozmiar:0,36,8
209,Rozmiar:rozmiar:0,37,8
209,Rozmiar:rozmiar:0,38,24
209,Rozmiar:rozmiar:0,39,36
209,Rozmiar:rozmiar:0,40,11
210,Rozmiar:rozmiar:0,36,7
210,Rozmiar:rozmiar:0,37,46
210,Rozmiar:rozmiar:0,38,1
210,Rozmiar:rozmiar:0,39,50
210,Rozmiar:rozmiar:0,40,5
210,Rozmiar:rozmiar:0,41,45
211,Rozmiar:rozmiar:0,36,17
211,Rozmiar:rozmiar:0,37,44
211,Rozmiar:rozmiar:0,38,14
211,Rozmiar:rozmiar:0,39,46
211,Rozmiar:rozmiar:0,40,5
211,Rozmiar:rozmiar:0,41,44
212,Rozmiar:rozmiar:0,36,32
212,Rozmiar:rozmiar:0,37,20
212,Rozmiar:rozmiar:0,38,26
212,Rozmiar:rozmiar:0,39,39
212,Rozmiar:rozmiar:0,40,22
213,Rozmiar:rozmiar:0,36,16
213,Rozmiar:rozmiar:0,37,1
213,Rozmiar:rozmiar:0,38,0
213,Rozmiar:rozmiar:0,39,28
213,Rozmiar:rozmiar:0,40,28
214,Rozmiar:rozmiar:0,36,37
214,Rozmiar:rozmiar:0,37,33
214,Rozmiar:rozmiar:0,38,4
215,Rozmiar:rozmiar:0,36,39
215,Rozmiar:rozmiar:0,37,17
215,Rozmiar:rozmiar:0,38,22
216,Rozmiar:rozmiar:0,36,41
216,Rozmiar:rozmiar:0,37,50
216,Rozmiar:rozmiar:0,38,11
217,Rozmiar:rozmiar:0,36,49
217,Rozmiar:rozmiar:0,37,8
217,Rozmiar:rozmiar:0,38,42
218,Rozmiar:rozmiar:0,33,29
218,Rozmiar:rozmiar:0,36,7
218,Rozmiar:rozmiar:0,39,37
218,Rozmiar:rozmiar:0,42,21
219,Rozmiar:rozmiar:0,33,47
219,Rozmiar:rozmiar:0,36,5
219,Rozmiar:rozmiar:0,39,0
219,Rozmiar:rozmiar:0,42,18
220,Rozmiar:rozmiar:0,33,2
221,Rozmiar:rozmiar:0,33,20
222,Rozmiar:rozmiar:0,36,6
222,Rozmiar:rozmiar:0,37,6
222,Rozmiar:rozmiar:0,38,33
222,Rozmiar:rozmiar:0,39,35
222,Rozmiar:rozmiar:0,40,42
222,Rozmiar:rozmiar:0,41,20
223,Rozmiar:rozmiar:0,36,9
223,Rozmiar:rozmiar:0,37,5
223,Rozmiar:rozmiar:0,38,46
223,Rozmiar:rozmiar:0,39,29
223,Rozmiar:rozmiar:0,40,29
223,Rozmiar:rozmiar:0,41,31
224,Rozmiar:rozmiar:0,36,21
224,Rozmiar:rozmiar:0,37,35
224,Rozmiar:rozmiar:0,38,3
224,Rozmiar:rozmiar:0,39,1
224,Rozmiar:rozmiar:0,40,0
224,Rozmiar:rozmiar:0,41,21
224,Rozmiar:rozmiar:0,42,38
225,Rozmiar:rozmiar:0,36,46
225,Rozmiar:rozmiar:0,37,43
225,Rozmiar:rozmiar:0,38,36
225,Rozmiar:rozmiar:0,39,1
225,Rozmiar:rozmiar:0,40,45
225,Rozmiar:rozmiar:0,41,34
225,Rozmiar:rozmiar:0,42,41
226,Rozmiar:rozmiar:0,36,50
226,Rozmiar:rozmiar:0,37,29
226,Rozmiar:rozmiar:0,38,15
226,Rozmiar:rozmiar:0,39,13
226,Rozmiar:rozmiar:0,40,49
226,Rozmiar:rozmiar:0,41,1
227,Rozmiar:rozmiar:0,36,32
227,Rozmiar:rozmiar:0,37,37
227,Rozmiar:rozmiar:0,38,14
227,Rozmiar:rozmiar:0,39,39
227,Rozmiar:rozmiar:0,40,28
227,Rozmiar:rozmiar:0,41,4
228,Rozmiar:rozmiar:0,36,10
228,Rozmiar:rozmiar:0,37,41
228,Rozmiar:rozmiar:0,38,4
228,Rozmiar:rozmiar:0,39,50
228,Rozmiar:rozmiar:0,40,50
228,Rozmiar:rozmiar:0,41,40
229,Rozmiar:rozmiar:0,36,46
229,Rozmiar:rozmiar:0,37,7
229,Rozmiar:rozmiar:0,38,6
229,Rozmiar:rozmiar:0,39,44
229,Rozmiar:rozmiar:0,40,29
229,Rozmiar:rozmiar:0,41,22
230,Rozmiar:rozmiar:0,36,36
230,Rozmiar:rozmiar:0,37,29
230,Rozmiar:rozmiar:0,38,27
230,Rozmiar:rozmiar:0,39,14
230,Rozmiar:rozmiar:0,40,37
230,Rozmiar:rozmiar:0,41,22
231,Rozmiar:rozmiar:0,36,44
231,Rozmiar:rozmiar:0,37,14
231,Rozmiar:rozmiar:0,38,33
231,Rozmiar:rozmiar:0,39,26
231,Rozmiar:rozmiar:0,40,48
231,Rozmiar:rozmiar:0,41,11
232,Rozmiar:rozmiar:0,36,40
232,Rozmiar:rozmiar:0,37,24
232,Rozmiar:rozmiar:0,38,30
232,Rozmiar:rozmiar:0,39,10
232,Rozmiar:rozmiar:0,40,17
232,Rozmiar:rozmiar:0,41,50
233,Rozmiar:rozmiar:0,36,47
233,Rozmiar:rozmiar:0,37,14
233,Rozmiar:rozmiar:0,38,16
233,Rozmiar:rozmiar:0,39,49
233,Rozmiar:rozmiar:0,40,20
233,Rozmiar:rozmiar:0,41,14
234,Rozmiar:rozmiar:0,38,39
235,Rozmiar:rozmiar:0,38,7
236,Rozmiar:rozmiar:0,36,10
236,Rozmiar:rozmiar:0,37,44
236,Rozmiar:rozmiar:0,38,7
236,Rozmiar:rozmiar:0,39,7
236,Rozmiar:rozmiar:0,40,36
236,Rozmiar:rozmiar:0,41,35
237,Rozmiar:rozmiar:0,36,44
237,Rozmiar:rozmiar:0,37,35
237,Rozmiar:rozmiar:0,38,40
237,Rozmiar:rozmiar:0,39,34
237,Rozmiar:rozmiar:0,40,9
237,Rozmiar:rozmiar:0,41,32
238,Rozmiar:rozmiar:0,36,19
238,Rozmiar:rozmiar:0,37,27
238,Rozmiar:rozmiar:0,38,35
238,Rozmiar:rozmiar:0,39,4
238,Rozmiar:rozmiar:0,40,13
239,Rozmiar:rozmiar:0,36,28
239,Rozmiar:rozmiar:0,37,21
239,Rozmiar:rozmiar:0,38,12
239,Rozmiar:rozmiar:0,39,8
239,Rozmiar:rozmiar:0,40,1
240,Rozmiar:rozmiar:0,36.5,15
240,Rozmiar:rozmiar:0,37.5,50
240,Rozmiar:rozmiar:0,38.5,1
241,Rozmiar:rozmiar:0,36.5,7
241,Rozmiar:rozmiar:0,37.5,50
241,Rozmiar:rozmiar:0,38.5,16
242,Rozmiar:rozmiar:0,36,0
242,Rozmiar:rozmiar:0,37.5,16
242,Rozmiar:rozmiar:0,38,50
242,Rozmiar:rozmiar:0,39.5,22
242,Rozmiar:rozmiar:0,40,40
243,Rozmiar:rozmiar:0,36,15
243,Rozmiar:rozmiar:0,37.5,35
243,Rozmiar:rozmiar:0,38,25
243,Rozmiar:rozmiar:0,39.5,14
243,Rozmiar:rozmiar:0,40,0
244,Rozmiar:rozmiar:0,36,46
244,Rozmiar:rozmiar:0,37.5,33
244,Rozmiar:rozmiar:0,38,44
244,Rozmiar:rozmiar:0,39.5,2
244,Rozmiar:rozmiar:0,40,36
245,Rozmiar:rozmiar:0,36,40
245,Rozmiar:rozmiar:0,37.5,36
245,Rozmiar:rozmiar:0,38,19
245,Rozmiar:rozmiar:0,39.5,33
245,Rozmiar:rozmiar:0,40,42
246,Rozmiar:rozmiar:0,36,10
246,Rozmiar:rozmiar:0,37,37
246,Rozmiar:rozmiar:0,38,9
246,Rozmiar:rozmiar:0,39,48
246,Rozmiar:rozmiar:0,40,37
246,Rozmiar:rozmiar:0,41,15
247,Rozmiar:rozmiar:0,36,15
247,Rozmiar:rozmiar:0,37,46
247,Rozmiar:rozmiar:0,38,1
247,Rozmiar:rozmiar:0,39,14
247,Rozmiar:rozmiar:0,40,16
247,Rozmiar:rozmiar:0,41,31
248,Rozmiar:rozmiar:0,36,14
248,Rozmiar:rozmiar:0,37,15
248,Rozmiar:rozmiar:0,38,28
248,Rozmiar:rozmiar:0,39,1
248,Rozmiar:rozmiar:0,40,28
249,Rozmiar:rozmiar:0,36,20
249,Rozmiar:rozmiar:0,37,40
249,Rozmiar:rozmiar:0,38,38
249,Rozmiar:rozmiar:0,39,43
249,Rozmiar:rozmiar:0,40,18
250,Rozmiar:rozmiar:0,36,34
250,Rozmiar:rozmiar:0,37,38
250,Rozmiar:rozmiar:0,38,8
250,Rozmiar:rozmiar:0,39,18
250,Rozmiar:rozmiar:0,40,16
251,Rozmiar:rozmiar:0,36,44
251,Rozmiar:rozmiar:0,37,28
251,Rozmiar:rozmiar:0,38,13
251,Rozmiar:rozmiar:0,39,4
251,Rozmiar:rozmiar:0,40,33
252,Rozmiar:rozmiar:0,36,34
252,Rozmiar:rozmiar:0,37,19
252,Rozmiar:rozmiar:0,38,32
252,Rozmiar:rozmiar:0,39,29
252,Rozmiar:rozmiar:0,40,27
252,Rozmiar:rozmiar:0,41,28
253,Rozmiar:rozmiar:0,36,34
253,Rozmiar:rozmiar:0,37,28
253,Rozmiar:rozmiar:0,38,17
253,Rozmiar:rozmiar:0,39,47
253,Rozmiar:rozmiar:0,40,49
253,Rozmiar:rozmiar:0,41,6
254,Rozmiar:rozmiar:0,35,47
254,Rozmiar:rozmiar:0,36,39
254,Rozmiar:rozmiar:0,37,16
254,Rozmiar:rozmiar:0,38,39
254,Rozmiar:rozmiar:0,39,38
254,Rozmiar:rozmiar:0,40,5
255,Rozmiar:rozmiar:0,35,27
255,Rozmiar:rozmiar:0,36,25
255,Rozmiar:rozmiar:0,37,19
255,Rozmiar:rozmiar:0,38,36
255,Rozmiar:rozmiar:0,39,19
255,Rozmiar:rozmiar:0,40,33
256,Rozmiar:rozmiar:0,36,18
256,Rozmiar:rozmiar:0,37,25
256,Rozmiar:rozmiar:0,38,6
256,Rozmiar:rozmiar:0,39,7
257,Rozmiar:rozmiar:0,36,46
257,Rozmiar:rozmiar:0,37,14
257,Rozmiar:rozmiar:0,38,22
257,Rozmiar:rozmiar:0,39,50
258,Rozmiar:rozmiar:0,36,13
258,Rozmiar:rozmiar:0,37,50
258,Rozmiar:rozmiar:0,38,31
258,Rozmiar:rozmiar:0,39,7
258,Rozmiar:rozmiar:0,40,47
258,Rozmiar:rozmiar:0,41,8
258,Rozmiar:rozmiar:0,42,8
259,Rozmiar:rozmiar:0,36,43
259,Rozmiar:rozmiar:0,37,38
259,Rozmiar:rozmiar:0,38,15
259,Rozmiar:rozmiar:0,39,10
259,Rozmiar:rozmiar:0,40,13
259,Rozmiar:rozmiar:0,41,15
259,Rozmiar:rozmiar:0,42,24
260,Rozmiar:rozmiar:0,36,18
260,Rozmiar:rozmiar:0,37,11
260,Rozmiar:rozmiar:0,38,2
260,Rozmiar:rozmiar:0,39,9
260,Rozmiar:rozmiar:0,40,21
261,Rozmiar:rozmiar:0,36,50
261,Rozmiar:rozmiar:0,37,4
261,Rozmiar:rozmiar:0,38,48
261,Rozmiar:rozmiar:0,39,24
261,Rozmiar:rozmiar:0,40,32
262,Rozmiar:rozmiar:0,36,41
262,Rozmiar:rozmiar:0,37,44
262,Rozmiar:rozmiar:0,38,40
262,Rozmiar:rozmiar:0,39,48
262,Rozmiar:rozmiar:0,40,19
262,Rozmiar:rozmiar:0,41,23
263,Rozmiar:rozmiar:0,36,44
263,Rozmiar:rozmiar:0,37,3
263,Rozmiar:rozmiar:0,38,38
263,Rozmiar:rozmiar:0,39,47
263,Rozmiar:rozmiar:0,40,20
263,Rozmiar:rozmiar:0,41,43
264,Rozmiar:rozmiar:0,36,40
264,Rozmiar:rozmiar:0,37,33
264,Rozmiar:rozmiar:0,38,30
264,Rozmiar:rozmiar:0,39,26
264,Rozmiar:rozmiar:0,40,33
264,Rozmiar:rozmiar:0,41,12
265,Rozmiar:rozmiar:0,36,32
265,Rozmiar:rozmiar:0,37,18
265,Rozmiar:rozmiar:0,38,2
265,Rozmiar:rozmiar:0,39,35
265,Rozmiar:rozmiar:0,40,37
265,Rozmiar:rozmiar:0,41,45
266,Rozmiar:rozmiar:0,36,23
266,Rozmiar:rozmiar:0,37,29
266,Rozmiar:rozmiar:0,38,25
266,Rozmiar:rozmiar:0,39,38
266,Rozmiar:rozmiar:0,40,5
266,Rozmiar:rozmiar:0,41,23
267,Rozmiar:rozmiar:0,36,36
267,Rozmiar:rozmiar:0,37,0
267,Rozmiar:rozmiar:0,38,26
267,Rozmiar:rozmiar:0,39,29
267,Rozmiar:rozmiar:0,40,7
267,Rozmiar:rozmiar:0,41,23
268,Rozmiar:rozmiar:0,37,14
268,Rozmiar:rozmiar:0,38,49
269,Rozmiar:rozmiar:0,37,35
269,Rozmiar:rozmiar:0,38,2
270,Rozmiar:rozmiar:0,36,34
270,Rozmiar:rozmiar:0,39,41
270,Rozmiar:rozmiar:0,40,2
270,Rozmiar:rozmiar:0,41,18
271,Rozmiar:rozmiar:0,36,42
271,Rozmiar:rozmiar:0,39,42
271,Rozmiar:rozmiar:0,40,11
271,Rozmiar:rozmiar:0,41,13
272,Rozmiar:rozmiar:0,36,29
272,Rozmiar:rozmiar:0,37,4
272,Rozmiar:rozmiar:0,38,8
272,Rozmiar:rozmiar:0,39,45
272,Rozmiar:rozmiar:0,40,46
272,Rozmiar:rozmiar:0,41,15
273,Rozmiar:rozmiar:0,36,3
273,Rozmiar:rozmiar:0,37,16
273,Rozmiar:rozmiar:0,38,18
273,Rozmiar:rozmiar:0,39,30
273,Rozmiar:rozmiar:0,40,4
273,Rozmiar:rozmiar:0,41,9
274,Rozmiar:rozmiar:0,36,0
274,Rozmiar:rozmiar:0,37,49
274,Rozmiar:rozmiar:0,38,0
274,Rozmiar:rozmiar:0,39,26
274,Rozmiar:rozmiar:0,40,41
274,Rozmiar:rozmiar:0,41,10
274,Rozmiar:rozmiar:0,42,22
275,Rozmiar:rozmiar:0,36,24
275,Rozmiar:rozmiar:0,37,48
275,Rozmiar:rozmiar:0,38,50
275,Rozmiar:rozmiar:0,39,32
275,Rozmiar:rozmiar:0,40,4
275,Rozmiar:rozmiar:0,41,46
275,Rozmiar:rozmiar:0,42,1
276,Rozmiar:rozmiar:0,39,40
276,Rozmiar:rozmiar:0,40,35
277,Rozmiar:rozmiar:0,39,30
277,Rozmiar:rozmiar:0,40,36
278,Rozmiar:rozmiar:0,38,43
278,Rozmiar:rozmiar:0,39,0
278,Rozmiar:rozmiar:0,40,50
278,Rozmiar:rozmiar:0,41,15
279,Rozmiar:rozmiar:0,38,41
279,Rozmiar:rozmiar:0,39,31
279,Rozmiar:rozmiar:0,40,44
279,Rozmiar:rozmiar:0,41,27
280,Rozmiar:rozmiar:0,36,5
280,Rozmiar:rozmiar:0,37,19
280,Rozmiar:rozmiar:0,38,19
280,Rozmiar:rozmiar:0,39,37
280,Rozmiar:rozmiar:0,40,36
280,Rozmiar:rozmiar:0,41,40
280,Rozmiar:rozmiar:0,42,6
281,Rozmiar:rozmiar:0,36,14
281,Rozmiar:rozmiar:0,37,19
281,Rozmiar:rozmiar:0,38,5
281,Rozmiar:rozmiar:0,39,31
281,Rozmiar:rozmiar:0,40,49
281,Rozmiar:rozmiar:0,41,29
281,Rozmiar:rozmiar:0,42,38
282,Rozmiar:rozmiar:0,38,32
283,Rozmiar:rozmiar:0,38,12
284,Rozmiar:rozmiar:0,36,47
284,Rozmiar:rozmiar:0,37,43
284,Rozmiar:rozmiar:0,38,1
284,Rozmiar:rozmiar:0,39,47
284,Rozmiar:rozmiar:0,40,20
284,Rozmiar:rozmiar:0,41,0
285,Rozmiar:rozmiar:0,36,8
285,Rozmiar:rozmiar:0,37,6
285,Rozmiar:rozmiar:0,38,41
285,Rozmiar:rozmiar:0,39,14
285,Rozmiar:rozmiar:0,40,44
285,Rozmiar:rozmiar:0,41,3
286,Rozmiar:rozmiar:0,36,38
286,Rozmiar:rozmiar:0,37,8
286,Rozmiar:rozmiar:0,38,32
286,Rozmiar:rozmiar:0,39,29
286,Rozmiar:rozmiar:0,40,33
286,Rozmiar:rozmiar:0,41,15
286,Rozmiar:rozmiar:0,42,5
287,Rozmiar:rozmiar:0,36,32
287,Rozmiar:rozmiar:0,37,13
287,Rozmiar:rozmiar:0,38,30
287,Rozmiar:rozmiar:0,39,41
287,Rozmiar:rozmiar:0,40,33
287,Rozmiar:rozmiar:0,41,32
287,Rozmiar:rozmiar:0,42,3
288,Rozmiar:rozmiar:0,36,44
288,Rozmiar:rozmiar:0,37,4
288,Rozmiar:rozmiar:0,38,49
288,Rozmiar:rozmiar:0,39,49
288,Rozmiar:rozmiar:0,40,35
288,Rozmiar:rozmiar:0,41,3
289,Rozmiar:rozmiar:0,36,48
289,Rozmiar:rozmiar:0,37,29
289,Rozmiar:rozmiar:0,38,11
289,Rozmiar:rozmiar:0,39,5
289,Rozmiar:rozmiar:0,40,26
289,Rozmiar:rozmiar:0,41,12
290,Rozmiar:rozmiar:0,36,48
290,Rozmiar:rozmiar:0,37,5
290,Rozmiar:rozmiar:0,38,21
290,Rozmiar:rozmiar:0,39,15
290,Rozmiar:rozmiar:0,40,35
290,Rozmiar:rozmiar:0,41,10
291,Rozmiar:rozmiar:0,36,34
291,Rozmiar:rozmiar:0,37,2
291,Rozmiar:rozmiar:0,38,21
291,Rozmiar:rozmiar:0,39,35
291,Rozmiar:rozmiar:0,40,32
291,Rozmiar:rozmiar:0,41,25
292,Rozmiar:rozmiar:0,36,31
292,Rozmiar:rozmiar:0,37,50
292,Rozmiar:rozmiar:0,38,24
292,Rozmiar:rozmiar:0,39,24
292,Rozmiar:rozmiar:0,40,42
292,Rozmiar:rozmiar:0,41,26
293,Rozmiar:rozmiar:0,36,42
293,Rozmiar:rozmiar:0,37,30
293,Rozmiar:rozmiar:0,38,6
293,Rozmiar:rozmiar:0,39,32
293,Rozmiar:rozmiar:0,40,28
293,Rozmiar:rozmiar:0,41,39
294,Rozmiar:rozmiar:0,36,50
294,Rozmiar:rozmiar:0,37,37
294,Rozmiar:rozmiar:0,38,30
294,Rozmiar:rozmiar:0,40,10
295,Rozmiar:rozmiar:0,36,11
295,Rozmiar:rozmiar:0,37,20
295,Rozmiar:rozmiar:0,38,3
295,Rozmiar:rozmiar:0,40,9
296,Rozmiar:rozmiar:0,35.5,33
297,Rozmiar:rozmiar:0,35.5,48
298,Rozmiar:rozmiar:0,35,24
298,Rozmiar:rozmiar:0,36,6
298,Rozmiar:rozmiar:0,37,26
298,Rozmiar:rozmiar:0,38,16
298,Rozmiar:rozmiar:0,39,37
298,Rozmiar:rozmiar:0,40,25
298,Rozmiar:rozmiar:0,41,35
299,Rozmiar:rozmiar:0,35,25
299,Rozmiar:rozmiar:0,36,37
299,Rozmiar:rozmiar:0,37,49
299,Rozmiar:rozmiar:0,38,19
299,Rozmiar:rozmiar:0,39,47
299,Rozmiar:rozmiar:0,40,43
299,Rozmiar:rozmiar:0,41,47
300,Rozmiar:rozmiar:0,36,23
300,Rozmiar:rozmiar:0,37,14
300,Rozmiar:rozmiar:0,38,20
300,Rozmiar:rozmiar:0,39,22
300,Rozmiar:rozmiar:0,40,17
300,Rozmiar:rozmiar:0,41,8
301,Rozmiar:rozmiar:0,36,7
301,Rozmiar:rozmiar:0,37,27
301,Rozmiar:rozmiar:0,38,5
301,Rozmiar:rozmiar:0,39,31
301,Rozmiar:rozmiar:0,40,8
301,Rozmiar:rozmiar:0,41,1
302,Rozmiar:rozmiar:0,40,14
302,Rozmiar:rozmiar:0,41,41
302,Rozmiar:rozmiar:0,42,34
302,Rozmiar:rozmiar:0,43,21
302,Rozmiar:rozmiar:0,44,16
302,Rozmiar:rozmiar:0,45,16
302,Rozmiar:rozmiar:0,46,17
303,Rozmiar:rozmiar:0,40,13
303,Rozmiar:rozmiar:0,41,27
303,Rozmiar:rozmiar:0,42,8
303,Rozmiar:rozmiar:0,43,23
303,Rozmiar:rozmiar:0,44,11
303,Rozmiar:rozmiar:0,45,1
303,Rozmiar:rozmiar:0,46,30
304,Rozmiar:rozmiar:0,36,11
304,Rozmiar:rozmiar:0,37,44
304,Rozmiar:rozmiar:0,38,5
304,Rozmiar:rozmiar:0,39,42
304,Rozmiar:rozmiar:0,40,37
305,Rozmiar:rozmiar:0,36,28
305,Rozmiar:rozmiar:0,37,29
305,Rozmiar:rozmiar:0,38,36
305,Rozmiar:rozmiar:0,39,12
305,Rozmiar:rozmiar:0,40,44
306,Rozmiar:rozmiar:0,36,31
306,Rozmiar:rozmiar:0,37,1
306,Rozmiar:rozmiar:0,38,28
306,Rozmiar:rozmiar:0,39,35
306,Rozmiar:rozmiar:0,40,10
306,Rozmiar:rozmiar:0,41,44
307,Rozmiar:rozmiar:0,36,27
307,Rozmiar:rozmiar:0,37,13
307,Rozmiar:rozmiar:0,38,8
307,Rozmiar:rozmiar:0,39,0
307,Rozmiar:rozmiar:0,40,23
307,Rozmiar:rozmiar:0,41,47
308,Rozmiar:rozmiar:0,40,8
309,Rozmiar:rozmiar:0,40,11
310,Rozmiar:rozmiar:0,36,6
310,Rozmiar:rozmiar:0,37,31
310,Rozmiar:rozmiar:0,38,48
310,Rozmiar:rozmiar:0,39,6
310,Rozmiar:rozmiar:0,40,24
310,Rozmiar:rozmiar:0,41,49
311,Rozmiar:rozmiar:0,36,13
311,Rozmiar:rozmiar:0,37,33
311,Rozmiar:rozmiar:0,38,46
311,Rozmiar:rozmiar:0,39,46
311,Rozmiar:rozmiar:0,40,45
311,Rozmiar:rozmiar:0,41,31
312,Rozmiar:rozmiar:0,36,16
312,Rozmiar:rozmiar:0,40,18
313,Rozmiar:rozmiar:0,36,23
313,Rozmiar:rozmiar:0,40,32
314,Rozmiar:rozmiar:0,36,36
314,Rozmiar:rozmiar:0,37,11
314,Rozmiar:rozmiar:0,39,40
314,Rozmiar:rozmiar:0,40,2
315,Rozmiar:rozmiar:0,36,17
315,Rozmiar:rozmiar:0,37,47
315,Rozmiar:rozmiar:0,39,3
315,Rozmiar:rozmiar:0,40,7
316,Rozmiar:rozmiar:0,36,39
316,Rozmiar:rozmiar:0,37,45
316,Rozmiar:rozmiar:0,38,16
316,Rozmiar:rozmiar:0,39,21
316,Rozmiar:rozmiar:0,40,26
316,Rozmiar:rozmiar:0,41,13
317,Rozmiar:rozmiar:0,36,6
317,Rozmiar:rozmiar:0,37,29
317,Rozmiar:rozmiar:0,38,45
317,Rozmiar:rozmiar:0,39,5
317,Rozmiar:rozmiar:0,40,48
317,Rozmiar:rozmiar:0,41,38
318,Rozmiar:rozmiar:0,36,41
318,Rozmiar:rozmiar:0,37,38
318,Rozmiar:rozmiar:0,38,44
318,Rozmiar:rozmiar:0,39,10
318,Rozmiar:rozmiar:0,40,33
319,Rozmiar:rozmiar:0,36,16
319,Rozmiar:rozmiar:0,37,27
319,Rozmiar:rozmiar:0,38,10
319,Rozmiar:rozmiar:0,39,27
319,Rozmiar:rozmiar:0,40,33
320,Rozmiar:rozmiar:0,36,44
320,Rozmiar:rozmiar:0,37,50
320,Rozmiar:rozmiar:0,38,24
320,Rozmiar:rozmiar:0,39,24
320,Rozmiar:rozmiar:0,40,32
321,Rozmiar:rozmiar:0,36,34
321,Rozmiar:rozmiar:0,37,25
321,Rozmiar:rozmiar:0,38,17
321,Rozmiar:rozmiar:0,39,19
321,Rozmiar:rozmiar:0,40,41
322,Rozmiar:rozmiar:0,36,12
322,Rozmiar:rozmiar:0,37,5
322,Rozmiar:rozmiar:0,38,9
322,Rozmiar:rozmiar:0,39,23
322,Rozmiar:rozmiar:0,40,2
322,Rozmiar:rozmiar:0,41,47
323,Rozmiar:rozmiar:0,36,4
323,Rozmiar:rozmiar:0,37,41
323,Rozmiar:rozmiar:0,38,24
323,Rozmiar:rozmiar:0,39,18
323,Rozmiar:rozmiar:0,40,10
323,Rozmiar:rozmiar:0,41,47
324,Rozmiar:rozmiar:0,36,15
324,Rozmiar:rozmiar:0,37,14
324,Rozmiar:rozmiar:0,38,9
324,Rozmiar:rozmiar:0,39,49
324,Rozmiar:rozmiar:0,40,50
324,Rozmiar:rozmiar:0,41,17
325,Rozmiar:rozmiar:0,36,40
325,Rozmiar:rozmiar:0,37,17
325,Rozmiar:rozmiar:0,38,15
325,Rozmiar:rozmiar:0,39,26
325,Rozmiar:rozmiar:0,40,20
325,Rozmiar:rozmiar:0,41,37
326,Rozmiar:rozmiar:0,36,1
326,Rozmiar:rozmiar:0,37,48
326,Rozmiar:rozmiar:0,38,36
326,Rozmiar:rozmiar:0,39,44
326,Rozmiar:rozmiar:0,40,38
327,Rozmiar:rozmiar:0,36,0
327,Rozmiar:rozmiar:0,37,17
327,Rozmiar:rozmiar:0,38,35
327,Rozmiar:rozmiar:0,39,37
327,Rozmiar:rozmiar:0,40,18
328,Rozmiar:rozmiar:0,35,45
328,Rozmiar:rozmiar:0,36,27
328,Rozmiar:rozmiar:0,36.5,0
328,Rozmiar:rozmiar:0,37,18
328,Rozmiar:rozmiar:0,38,10
328,Rozmiar:rozmiar:0,39,18
328,Rozmiar:rozmiar:0,40,6
328,Rozmiar:rozmiar:0,41,30
329,Rozmiar:rozmiar:0,35,37
329,Rozmiar:rozmiar:0,36,23
329,Rozmiar:rozmiar:0,36.5,12
329,Rozmiar:rozmiar:0,37,1
329,Rozmiar:rozmiar:0,38,16
329,Rozmiar:rozmiar:0,39,36
329,Rozmiar:rozmiar:0,40,4
329,Rozmiar:rozmiar:0,41,16
330,Rozmiar:rozmiar:0,36,13
330,Rozmiar:rozmiar:0,37,32
330,Rozmiar:rozmiar:0,38,25
330,Rozmiar:rozmiar:0,39,13
330,Rozmiar:rozmiar:0,40,43
331,Rozmiar:rozmiar:0,36,27
331,Rozmiar:rozmiar:0,37,6
331,Rozmiar:rozmiar:0,38,3
331,Rozmiar:rozmiar:0,39,49
331,Rozmiar:rozmiar:0,40,35
332,Rozmiar:rozmiar:0,36,12
332,Rozmiar:rozmiar:0,37,37
332,Rozmiar:rozmiar:0,38,3
332,Rozmiar:rozmiar:0,39,1
332,Rozmiar:rozmiar:0,40,22
333,Rozmiar:rozmiar:0,36,17
333,Rozmiar:rozmiar:0,37,36
333,Rozmiar:rozmiar:0,38,10
333,Rozmiar:rozmiar:0,39,1
333,Rozmiar:rozmiar:0,40,16
334,Rozmiar:rozmiar:0,35.5,29
334,Rozmiar:rozmiar:0,36,14
334,Rozmiar:rozmiar:0,37,46
334,Rozmiar:rozmiar:0,37.5,17
334,Rozmiar:rozmiar:0,38,19
334,Rozmiar:rozmiar:0,39,41
335,Rozmiar:rozmiar:0,35.5,18
335,Rozmiar:rozmiar:0,36,30
335,Rozmiar:rozmiar:0,37,48
335,Rozmiar:rozmiar:0,37.5,40
335,Rozmiar:rozmiar:0,38,23
335,Rozmiar:rozmiar:0,39,17
336,Rozmiar:rozmiar:0,36,10
336,Rozmiar:rozmiar:0,37,38
336,Rozmiar:rozmiar:0,38,39
336,Rozmiar:rozmiar:0,39,26
336,Rozmiar:rozmiar:0,40,1
337,Rozmiar:rozmiar:0,36,46
337,Rozmiar:rozmiar:0,37,47
337,Rozmiar:rozmiar:0,38,41
337,Rozmiar:rozmiar:0,39,41
337,Rozmiar:rozmiar:0,40,28
338,Rozmiar:rozmiar:0,36,17
338,Rozmiar:rozmiar:0,37,48
338,Rozmiar:rozmiar:0,38,25
338,Rozmiar:rozmiar:0,39,49
338,Rozmiar:rozmiar:0,40,8
338,Rozmiar:rozmiar:0,41,25
339,Rozmiar:rozmiar:0,36,22
339,Rozmiar:rozmiar:0,37,44
339,Rozmiar:rozmiar:0,38,12
339,Rozmiar:rozmiar:0,39,31
339,Rozmiar:rozmiar:0,40,50
339,Rozmiar:rozmiar:0,41,40
340,Rozmiar:rozmiar:0,36,35
340,Rozmiar:rozmiar:0,37,12
340,Rozmiar:rozmiar:0,38,21
340,Rozmiar:rozmiar:0,39,12
340,Rozmiar:rozmiar:0,40,45
340,Rozmiar:rozmiar:0,42,47
341,Rozmiar:rozmiar:0,36,21
341,Rozmiar:rozmiar:0,37,25
341,Rozmiar:rozmiar:0,38,40
341,Rozmiar:rozmiar:0,39,27
341,Rozmiar:rozmiar:0,40,20
341,Rozmiar:rozmiar:0,42,5
342,Rozmiar:rozmiar:0,36,17
342,Rozmiar:rozmiar:0,37,31
342,Rozmiar:rozmiar:0,38,27
342,Rozmiar:rozmiar:0,39,16
342,Rozmiar:rozmiar:0,40,9
342,Rozmiar:rozmiar:0,41,3
342,Rozmiar:rozmiar:0,42,50
343,Rozmiar:rozmiar:0,36,34
343,Rozmiar:rozmiar:0,37,0
343,Rozmiar:rozmiar:0,38,44
343,Rozmiar:rozmiar:0,39,49
343,Rozmiar:rozmiar:0,40,43
343,Rozmiar:rozmiar:0,41,9
343,Rozmiar:rozmiar:0,42,50
344,Rozmiar:rozmiar:0,36,7
344,Rozmiar:rozmiar:0,37,50
344,Rozmiar:rozmiar:0,38,38
344,Rozmiar:rozmiar:0,39,18
344,Rozmiar:rozmiar:0,40,34
344,Rozmiar:rozmiar:0,41,18
344,Rozmiar:rozmiar:0,42,14
345,Rozmiar:rozmiar:0,36,2
345,Rozmiar:rozmiar:0,37,26
345,Rozmiar:rozmiar:0,38,38
345,Rozmiar:rozmiar:0,39,38
345,Rozmiar:rozmiar:0,40,11
345,Rozmiar:rozmiar:0,41,36
345,Rozmiar:rozmiar:0,42,16
346,Rozmiar:rozmiar:0,36,33
346,Rozmiar:rozmiar:0,37,12
346,Rozmiar:rozmiar:0,38,24
346,Rozmiar:rozmiar:0,39,25
346,Rozmiar:rozmiar:0,40,5
346,Rozmiar:rozmiar:0,41,36
346,Rozmiar:rozmiar:0,42,37
347,Rozmiar:rozmiar:0,36,1
347,Rozmiar:rozmiar:0,37,39
347,Rozmiar:rozmiar:0,38,21
347,Rozmiar:rozmiar:0,39,23
347,Rozmiar:rozmiar:0,40,22
347,Rozmiar:rozmiar:0,41,23
347,Rozmiar:rozmiar:0,42,45
348,Rozmiar:rozmiar:0,36,32
348,Rozmiar:rozmiar:0,37,36
348,Rozmiar:rozmiar:0,38,41
348,Rozmiar:rozmiar:0,39,42
348,Rozmiar:rozmiar:0,40,13
348,Rozmiar:rozmiar:0,41,16
348,Rozmiar:rozmiar:0,42,6
349,Rozmiar:rozmiar:0,36,18
349,Rozmiar:rozmiar:0,37,13
349,Rozmiar:rozmiar:0,38,5
349,Rozmiar:rozmiar:0,39,41
349,Rozmiar:rozmiar:0,40,31
349,Rozmiar:rozmiar:0,41,23
349,Rozmiar:rozmiar:0,42,43
350,Rozmiar:rozmiar:0,35,12
350,Rozmiar:rozmiar:0,36,25
350,Rozmiar:rozmiar:0,37,33
350,Rozmiar:rozmiar:0,38,36
350,Rozmiar:rozmiar:0,39,29
350,Rozmiar:rozmiar:0,40,24
350,Rozmiar:rozmiar:0,41,38
351,Rozmiar:rozmiar:0,35,47
351,Rozmiar:rozmiar:0,36,38
351,Rozmiar:rozmiar:0,37,29
351,Rozmiar:rozmiar:0,38,47
351,Rozmiar:rozmiar:0,39,2
351,Rozmiar:rozmiar:0,40,7
351,Rozmiar:rozmiar:0,41,44
352,Rozmiar:rozmiar:0,36,13
352,Rozmiar:rozmiar:0,37,21
352,Rozmiar:rozmiar:0,38,1
352,Rozmiar:rozmiar:0,39,1
352,Rozmiar:rozmiar:0,40,32
353,Rozmiar:rozmiar:0,36,21
353,Rozmiar:rozmiar:0,37,14
353,Rozmiar:rozmiar:0,38,4
353,Rozmiar:rozmiar:0,39,2
353,Rozmiar:rozmiar:0,40,37
354,Rozmiar:rozmiar:0,36,20
354,Rozmiar:rozmiar:0,37,28
354,Rozmiar:rozmiar:0,38,48
354,Rozmiar:rozmiar:0,39,37
354,Rozmiar:rozmiar:0,40,39
354,Rozmiar:rozmiar:0,41,7
354,Rozmiar:rozmiar:0,42,14
355,Rozmiar:rozmiar:0,36,22
355,Rozmiar:rozmiar:0,37,2
355,Rozmiar:rozmiar:0,38,16
355,Rozmiar:rozmiar:0,39,42
355,Rozmiar:rozmiar:0,40,8
355,Rozmiar:rozmiar:0,41,16
355,Rozmiar:rozmiar:0,42,36
356,Rozmiar:rozmiar:0,36,43
356,Rozmiar:rozmiar:0,37,17
356,Rozmiar:rozmiar:0,38,23
356,Rozmiar:rozmiar:0,39,11
356,Rozmiar:rozmiar:0,40,12
356,Rozmiar:rozmiar:0,42,42
357,Rozmiar:rozmiar:0,36,39
357,Rozmiar:rozmiar:0,37,44
357,Rozmiar:rozmiar:0,38,32
357,Rozmiar:rozmiar:0,39,49
357,Rozmiar:rozmiar:0,40,50
357,Rozmiar:rozmiar:0,42,40
358,Rozmiar:rozmiar:0,37,29
358,Rozmiar:rozmiar:0,38,20
358,Rozmiar:rozmiar:0,39,29
358,Rozmiar:rozmiar:0,40,13
358,Rozmiar:rozmiar:0,42,1
359,Rozmiar:rozmiar:0,37,29
359,Rozmiar:rozmiar:0,38,15
359,Rozmiar:rozmiar:0,39,24
359,Rozmiar:rozmiar:0,40,30
359,Rozmiar:rozmiar:0,42,17
360,Rozmiar:rozmiar:0,36,42
360,Rozmiar:rozmiar:0,37,38
360,Rozmiar:rozmiar:0,38,17
360,Rozmiar:rozmiar:0,39,17
360,Rozmiar:rozmiar:0,40,19
361,Rozmiar:rozmiar:0,36,8
361,Rozmiar:rozmiar:0,37,25
361,Rozmiar:rozmiar:0,38,19
361,Rozmiar:rozmiar:0,39,18
361,Rozmiar:rozmiar:0,40,47
362,Rozmiar:rozmiar:0,36,20
362,Rozmiar:rozmiar:0,37,19
362,Rozmiar:rozmiar:0,38,11
362,Rozmiar:rozmiar:0,39,20
362,Rozmiar:rozmiar:0,40,15
362,Rozmiar:rozmiar:0,41,40
363,Rozmiar:rozmiar:0,36,0
363,Rozmiar:rozmiar:0,37,29
363,Rozmiar:rozmiar:0,38,49
363,Rozmiar:rozmiar:0,39,4
363,Rozmiar:rozmiar:0,40,20
363,Rozmiar:rozmiar:0,41,21
364,Rozmiar:rozmiar:0,36,5
364,Rozmiar:rozmiar:0,37,2
364,Rozmiar:rozmiar:0,38,12
364,Rozmiar:rozmiar:0,39,3
364,Rozmiar:rozmiar:0,40,48
364,Rozmiar:rozmiar:0,41,49
365,Rozmiar:rozmiar:0,36,46
365,Rozmiar:rozmiar:0,37,31
365,Rozmiar:rozmiar:0,38,37
365,Rozmiar:rozmiar:0,39,23
365,Rozmiar:rozmiar:0,40,50
365,Rozmiar:rozmiar:0,41,24
366,Rozmiar:rozmiar:0,36,25
366,Rozmiar:rozmiar:0,37,21
366,Rozmiar:rozmiar:0,38,4
366,Rozmiar:rozmiar:0,39,3
366,Rozmiar:rozmiar:0,40,38
366,Rozmiar:rozmiar:0,41,25
367,Rozmiar:rozmiar:0,36,48
367,Rozmiar:rozmiar:0,37,29
367,Rozmiar:rozmiar:0,38,4
367,Rozmiar:rozmiar:0,39,34
367,Rozmiar:rozmiar:0,40,13
367,Rozmiar:rozmiar:0,41,2
368,Rozmiar:rozmiar:0,36,18
368,Rozmiar:rozmiar:0,37,35
368,Rozmiar:rozmiar:0,38,25
368,Rozmiar:rozmiar:0,39,48
368,Rozmiar:rozmiar:0,40,40
368,Rozmiar:rozmiar:0,41,12
369,Rozmiar:rozmiar:0,36,40
369,Rozmiar:rozmiar:0,37,46
369,Rozmiar:rozmiar:0,38,14
369,Rozmiar:rozmiar:0,39,4
369,Rozmiar:rozmiar:0,40,24
369,Rozmiar:rozmiar:0,41,10
370,Rozmiar:rozmiar:0,36,31
370,Rozmiar:rozmiar:0,37,15
370,Rozmiar:rozmiar:0,38,39
370,Rozmiar:rozmiar:0,39,23
370,Rozmiar:rozmiar:0,40,13
370,Rozmiar:rozmiar:0,41,9
370,Rozmiar:rozmiar:0,42,10
371,Rozmiar:rozmiar:0,36,11
371,Rozmiar:rozmiar:0,37,34
371,Rozmiar:rozmiar:0,38,20
371,Rozmiar:rozmiar:0,39,39
371,Rozmiar:rozmiar:0,40,15
371,Rozmiar:rozmiar:0,41,21
371,Rozmiar:rozmiar:0,42,28
372,Rozmiar:rozmiar:0,36,30
372,Rozmiar:rozmiar:0,37,34
372,Rozmiar:rozmiar:0,38,4
372,Rozmiar:rozmiar:0,39,28
372,Rozmiar:rozmiar:0,40,29
372,Rozmiar:rozmiar:0,41,35
373,Rozmiar:rozmiar:0,36,32
373,Rozmiar:rozmiar:0,37,10
373,Rozmiar:rozmiar:0,38,22
373,Rozmiar:rozmiar:0,39,0
373,Rozmiar:rozmiar:0,40,9
373,Rozmiar:rozmiar:0,41,50
374,Rozmiar:rozmiar:0,36,29
374,Rozmiar:rozmiar:0,37,12
374,Rozmiar:rozmiar:0,38,18
374,Rozmiar:rozmiar:0,39,43
374,Rozmiar:rozmiar:0,40,9
374,Rozmiar:rozmiar:0,41,2
375,Rozmiar:rozmiar:0,36,35
375,Rozmiar:rozmiar:0,37,50
375,Rozmiar:rozmiar:0,38,41
375,Rozmiar:rozmiar:0,39,10
375,Rozmiar:rozmiar:0,40,38
375,Rozmiar:rozmiar:0,41,13
376,Rozmiar:rozmiar:0,36,6
376,Rozmiar:rozmiar:0,37,19
376,Rozmiar:rozmiar:0,38,36
376,Rozmiar:rozmiar:0,39,13
376,Rozmiar:rozmiar:0,40,20
377,Rozmiar:rozmiar:0,36,25
377,Rozmiar:rozmiar:0,37,5
377,Rozmiar:rozmiar:0,38,25
377,Rozmiar:rozmiar:0,39,31
377,Rozmiar:rozmiar:0,40,35
378,Rozmiar:rozmiar:0,36,48
378,Rozmiar:rozmiar:0,37,12
378,Rozmiar:rozmiar:0,38,34
378,Rozmiar:rozmiar:0,39,23
378,Rozmiar:rozmiar:0,40,45
379,Rozmiar:rozmiar:0,36,43
379,Rozmiar:rozmiar:0,37,20
379,Rozmiar:rozmiar:0,38,29
379,Rozmiar:rozmiar:0,39,12
379,Rozmiar:rozmiar:0,40,48
380,Rozmiar:rozmiar:0,35.5,39
380,Rozmiar:rozmiar:0,36,16
380,Rozmiar:rozmiar:0,37,8
380,Rozmiar:rozmiar:0,38,49
380,Rozmiar:rozmiar:0,39,26
380,Rozmiar:rozmiar:0,40,38
381,Rozmiar:rozmiar:0,35.5,24
381,Rozmiar:rozmiar:0,36,10
381,Rozmiar:rozmiar:0,37,7
381,Rozmiar:rozmiar:0,38,17
381,Rozmiar:rozmiar:0,39,16
381,Rozmiar:rozmiar:0,40,7
382,Rozmiar:rozmiar:0,36,42
382,Rozmiar:rozmiar:0,37,23
382,Rozmiar:rozmiar:0,38,0
382,Rozmiar:rozmiar:0,39,48
382,Rozmiar:rozmiar:0,40,13
383,Rozmiar:rozmiar:0,36,32
383,Rozmiar:rozmiar:0,37,43
383,Rozmiar:rozmiar:0,38,42
383,Rozmiar:rozmiar:0,39,16
383,Rozmiar:rozmiar:0,40,9
384,Rozmiar:rozmiar:0,27,49
384,Rozmiar:rozmiar:0,28,13
384,Rozmiar:rozmiar:0,29,28
384,Rozmiar:rozmiar:0,30,7
384,Rozmiar:rozmiar:0,31,33
384,Rozmiar:rozmiar:0,32,2
384,Rozmiar:rozmiar:0,33,27
384,Rozmiar:rozmiar:0,34,29
384,Rozmiar:rozmiar:0,35,39
384,Rozmiar:rozmiar:0,36,15
385,Rozmiar:rozmiar:0,27,36
385,Rozmiar:rozmiar:0,28,9
385,Rozmiar:rozmiar:0,29,19
385,Rozmiar:rozmiar:0,30,14
385,Rozmiar:rozmiar:0,31,39
385,Rozmiar:rozmiar:0,32,3
385,Rozmiar:rozmiar:0,33,14
385,Rozmiar:rozmiar:0,34,49
385,Rozmiar:rozmiar:0,35,19
385,Rozmiar:rozmiar:0,36,33
386,Rozmiar:rozmiar:0,27,21
386,Rozmiar:rozmiar:0,28,2
387,Rozmiar:rozmiar:0,27,28
387,Rozmiar:rozmiar:0,28,16
388,Rozmiar:rozmiar:0,23,41
388,Rozmiar:rozmiar:0,24,1
388,Rozmiar:rozmiar:0,25,0
388,Rozmiar:rozmiar:0,26,37
388,Rozmiar:rozmiar:0,27,32
388,Rozmiar:rozmiar:0,28,44
389,Rozmiar:rozmiar:0,23,22
389,Rozmiar:rozmiar:0,24,47
389,Rozmiar:rozmiar:0,25,14
389,Rozmiar:rozmiar:0,26,28
389,Rozmiar:rozmiar:0,27,39
389,Rozmiar:rozmiar:0,28,13
390,Rozmiar:rozmiar:0,27,38
390,Rozmiar:rozmiar:0,28,42
390,Rozmiar:rozmiar:0,29,15
390,Rozmiar:rozmiar:0,30,33
390,Rozmiar:rozmiar:0,31,33
390,Rozmiar:rozmiar:0,32,42
390,Rozmiar:rozmiar:0,33,32
390,Rozmiar:rozmiar:0,34,48
390,Rozmiar:rozmiar:0,35,47
390,Rozmiar:rozmiar:0,36,44
391,Rozmiar:rozmiar:0,27,37
391,Rozmiar:rozmiar:0,28,6
391,Rozmiar:rozmiar:0,29,0
391,Rozmiar:rozmiar:0,30,27
391,Rozmiar:rozmiar:0,31,11
391,Rozmiar:rozmiar:0,32,20
391,Rozmiar:rozmiar:0,33,45
391,Rozmiar:rozmiar:0,34,46
391,Rozmiar:rozmiar:0,35,0
391,Rozmiar:rozmiar:0,36,38
392,Rozmiar:rozmiar:0,27,39
392,Rozmiar:rozmiar:0,28,42
392,Rozmiar:rozmiar:0,29,29
392,Rozmiar:rozmiar:0,30,28
392,Rozmiar:rozmiar:0,31,11
392,Rozmiar:rozmiar:0,32,16
392,Rozmiar:rozmiar:0,33,8
392,Rozmiar:rozmiar:0,34,0
392,Rozmiar:rozmiar:0,35,33
393,Rozmiar:rozmiar:0,27,48
393,Rozmiar:rozmiar:0,28,49
393,Rozmiar:rozmiar:0,29,27
393,Rozmiar:rozmiar:0,30,5
393,Rozmiar:rozmiar:0,31,31
393,Rozmiar:rozmiar:0,32,47
393,Rozmiar:rozmiar:0,33,10
393,Rozmiar:rozmiar:0,34,33
393,Rozmiar:rozmiar:0,35,11
394,Rozmiar:rozmiar:0,27,30
394,Rozmiar:rozmiar:0,28,5
394,Rozmiar:rozmiar:0,29,11
394,Rozmiar:rozmiar:0,30,39
394,Rozmiar:rozmiar:0,31,8
394,Rozmiar:rozmiar:0,32,33
394,Rozmiar:rozmiar:0,33,15
394,Rozmiar:rozmiar:0,34,48
394,Rozmiar:rozmiar:0,35,29
395,Rozmiar:rozmiar:0,27,19
395,Rozmiar:rozmiar:0,28,46
395,Rozmiar:rozmiar:0,29,49
395,Rozmiar:rozmiar:0,30,9
395,Rozmiar:rozmiar:0,31,2
395,Rozmiar:rozmiar:0,32,26
395,Rozmiar:rozmiar:0,33,49
395,Rozmiar:rozmiar:0,34,26
395,Rozmiar:rozmiar:0,35,47
396,Rozmiar:rozmiar:0,27.5,17
396,Rozmiar:rozmiar:0,28.5,13
396,Rozmiar:rozmiar:0,29.5,5
396,Rozmiar:rozmiar:0,30.5,31
396,Rozmiar:rozmiar:0,32.5,25
396,Rozmiar:rozmiar:0,33.5,43
396,Rozmiar:rozmiar:0,34.5,10
396,Rozmiar:rozmiar:0,36.5,21
396,Rozmiar:rozmiar:0,37.5,42
396,Rozmiar:rozmiar:0,38.5,28
397,Rozmiar:rozmiar:0,27.5,6
397,Rozmiar:rozmiar:0,28.5,8
397,Rozmiar:rozmiar:0,29.5,4
397,Rozmiar:rozmiar:0,30.5,48
397,Rozmiar:rozmiar:0,32.5,30
397,Rozmiar:rozmiar:0,33.5,22
397,Rozmiar:rozmiar:0,34.5,26
397,Rozmiar:rozmiar:0,36.5,25
397,Rozmiar:rozmiar:0,37.5,4
397,Rozmiar:rozmiar:0,38.5,23
398,Rozmiar:rozmiar:0,27.5,43
398,Rozmiar:rozmiar:0,28.5,32
398,Rozmiar:rozmiar:0,29.5,35
398,Rozmiar:rozmiar:0,30.5,45
398,Rozmiar:rozmiar:0,32.5,41
398,Rozmiar:rozmiar:0,33.5,21
398,Rozmiar:rozmiar:0,34.5,25
398,Rozmiar:rozmiar:0,37.5,18
398,Rozmiar:rozmiar:0,38.5,21
399,Rozmiar:rozmiar:0,27.5,50
399,Rozmiar:rozmiar:0,28.5,28
399,Rozmiar:rozmiar:0,29.5,12
399,Rozmiar:rozmiar:0,30.5,22
399,Rozmiar:rozmiar:0,32.5,49
399,Rozmiar:rozmiar:0,33.5,25
399,Rozmiar:rozmiar:0,34.5,8
399,Rozmiar:rozmiar:0,37.5,4
399,Rozmiar:rozmiar:0,38.5,48
400,Rozmiar:rozmiar:0,23.5,22
400,Rozmiar:rozmiar:0,24.5,1
400,Rozmiar:rozmiar:0,25.5,7
400,Rozmiar:rozmiar:0,27.5,47
400,Rozmiar:rozmiar:0,28.5,49
400,Rozmiar:rozmiar:0,29.5,24
400,Rozmiar:rozmiar:0,30.5,43
400,Rozmiar:rozmiar:0,32.5,6
400,Rozmiar:rozmiar:0,33.5,45
401,Rozmiar:rozmiar:0,23.5,33
401,Rozmiar:rozmiar:0,24.5,24
401,Rozmiar:rozmiar:0,25.5,26
401,Rozmiar:rozmiar:0,27.5,44
401,Rozmiar:rozmiar:0,28.5,25
401,Rozmiar:rozmiar:0,29.5,1
401,Rozmiar:rozmiar:0,30.5,42
401,Rozmiar:rozmiar:0,32.5,2
401,Rozmiar:rozmiar:0,33.5,24
402,Rozmiar:rozmiar:0,28,8
402,Rozmiar:rozmiar:0,29,40
402,Rozmiar:rozmiar:0,30,29
402,Rozmiar:rozmiar:0,31,21
402,Rozmiar:rozmiar:0,32,47
402,Rozmiar:rozmiar:0,33,32
402,Rozmiar:rozmiar:0,34,9
402,Rozmiar:rozmiar:0,35,37
402,Rozmiar:rozmiar:0,36,18
403,Rozmiar:rozmiar:0,28,43
403,Rozmiar:rozmiar:0,29,5
403,Rozmiar:rozmiar:0,30,16
403,Rozmiar:rozmiar:0,31,45
403,Rozmiar:rozmiar:0,32,46
403,Rozmiar:rozmiar:0,33,15
403,Rozmiar:rozmiar:0,34,32
403,Rozmiar:rozmiar:0,35,40
403,Rozmiar:rozmiar:0,36,26
404,Rozmiar:rozmiar:0,27,13
404,Rozmiar:rozmiar:0,28,14
404,Rozmiar:rozmiar:0,29,17
404,Rozmiar:rozmiar:0,30,33
404,Rozmiar:rozmiar:0,31,3
404,Rozmiar:rozmiar:0,32,32
404,Rozmiar:rozmiar:0,33,13
404,Rozmiar:rozmiar:0,34,14
404,Rozmiar:rozmiar:0,35,41
404,Rozmiar:rozmiar:0,36,22
405,Rozmiar:rozmiar:0,27,3
405,Rozmiar:rozmiar:0,28,15
405,Rozmiar:rozmiar:0,29,39
405,Rozmiar:rozmiar:0,30,11
405,Rozmiar:rozmiar:0,31,34
405,Rozmiar:rozmiar:0,32,30
405,Rozmiar:rozmiar:0,33,6
405,Rozmiar:rozmiar:0,34,28
405,Rozmiar:rozmiar:0,35,36
405,Rozmiar:rozmiar:0,36,8
406,Rozmiar:rozmiar:0,22,45
406,Rozmiar:rozmiar:0,23,46
406,Rozmiar:rozmiar:0,24,20
406,Rozmiar:rozmiar:0,25,13
406,Rozmiar:rozmiar:0,26,4
407,Rozmiar:rozmiar:0,22,33
407,Rozmiar:rozmiar:0,23,13
407,Rozmiar:rozmiar:0,24,25
407,Rozmiar:rozmiar:0,25,5
407,Rozmiar:rozmiar:0,26,12
408,Rozmiar:rozmiar:0,28,1
408,Rozmiar:rozmiar:0,29,46
408,Rozmiar:rozmiar:0,30,17
408,Rozmiar:rozmiar:0,31,7
408,Rozmiar:rozmiar:0,32,0
408,Rozmiar:rozmiar:0,33,35
408,Rozmiar:rozmiar:0,34,4
408,Rozmiar:rozmiar:0,35,12
408,Rozmiar:rozmiar:0,36,20
409,Rozmiar:rozmiar:0,28,2
409,Rozmiar:rozmiar:0,29,3
409,Rozmiar:rozmiar:0,30,38
409,Rozmiar:rozmiar:0,31,6
409,Rozmiar:rozmiar:0,32,18
409,Rozmiar:rozmiar:0,33,33
409,Rozmiar:rozmiar:0,34,46
409,Rozmiar:rozmiar:0,35,15
409,Rozmiar:rozmiar:0,36,46
410,Rozmiar:rozmiar:0,19.5,13
410,Rozmiar:rozmiar:0,21,22
410,Rozmiar:rozmiar:0,22.5,27
410,Rozmiar:rozmiar:0,24,40
410,Rozmiar:rozmiar:0,25.5,1
410,Rozmiar:rozmiar:0,27,34
411,Rozmiar:rozmiar:0,19.5,44
411,Rozmiar:rozmiar:0,21,13
411,Rozmiar:rozmiar:0,22.5,45
411,Rozmiar:rozmiar:0,24,47
411,Rozmiar:rozmiar:0,25.5,48
411,Rozmiar:rozmiar:0,27,4
412,Rozmiar:rozmiar:0,19.5,38
412,Rozmiar:rozmiar:0,21,17
412,Rozmiar:rozmiar:0,22.5,40
412,Rozmiar:rozmiar:0,24,41
412,Rozmiar:rozmiar:0,25.5,45
412,Rozmiar:rozmiar:0,27,8
413,Rozmiar:rozmiar:0,19.5,27
413,Rozmiar:rozmiar:0,21,45
413,Rozmiar:rozmiar:0,22.5,34
413,Rozmiar:rozmiar:0,24,39
413,Rozmiar:rozmiar:0,25.5,33
413,Rozmiar:rozmiar:0,27,41
414,Rozmiar:rozmiar:0,25.5,19
414,Rozmiar:rozmiar:0,27.5,23
414,Rozmiar:rozmiar:0,29.5,33
414,Rozmiar:rozmiar:0,31.5,48
414,Rozmiar:rozmiar:0,33.5,12
414,Rozmiar:rozmiar:0,35.5,12
414,Rozmiar:rozmiar:0,37,16
414,Rozmiar:rozmiar:0,38,14
415,Rozmiar:rozmiar:0,25.5,48
415,Rozmiar:rozmiar:0,27.5,8
415,Rozmiar:rozmiar:0,29.5,43
415,Rozmiar:rozmiar:0,31.5,29
415,Rozmiar:rozmiar:0,33.5,46
415,Rozmiar:rozmiar:0,35.5,41
415,Rozmiar:rozmiar:0,37,4
415,Rozmiar:rozmiar:0,38,9
416,Rozmiar:rozmiar:0,25.5,1
416,Rozmiar:rozmiar:0,27,24
416,Rozmiar:rozmiar:0,28.5,31
416,Rozmiar:rozmiar:0,30,41
416,Rozmiar:rozmiar:0,31,1
416,Rozmiar:rozmiar:0,32,2
416,Rozmiar:rozmiar:0,33,40
416,Rozmiar:rozmiar:0,34.5,42
417,Rozmiar:rozmiar:0,25.5,0
417,Rozmiar:rozmiar:0,27,38
417,Rozmiar:rozmiar:0,28.5,11
417,Rozmiar:rozmiar:0,30,19
417,Rozmiar:rozmiar:0,31,6
417,Rozmiar:rozmiar:0,32,5
417,Rozmiar:rozmiar:0,33,27
417,Rozmiar:rozmiar:0,34.5,48
418,Rozmiar:rozmiar:0,19.5,14
418,Rozmiar:rozmiar:0,21,6
418,Rozmiar:rozmiar:0,22.5,11
418,Rozmiar:rozmiar:0,24,36
418,Rozmiar:rozmiar:0,25.5,17
418,Rozmiar:rozmiar:0,27.5,23
419,Rozmiar:rozmiar:0,19.5,9
419,Rozmiar:rozmiar:0,21,28
419,Rozmiar:rozmiar:0,22.5,38
419,Rozmiar:rozmiar:0,24,41
419,Rozmiar:rozmiar:0,25.5,34
419,Rozmiar:rozmiar:0,27.5,36
420,Rozmiar:rozmiar:0,25.5,6
420,Rozmiar:rozmiar:0,27,46
420,Rozmiar:rozmiar:0,28.5,2
420,Rozmiar:rozmiar:0,30,7
420,Rozmiar:rozmiar:0,32,21
420,Rozmiar:rozmiar:0,33.5,49
420,Rozmiar:rozmiar:0,35.5,43
421,Rozmiar:rozmiar:0,25.5,33
421,Rozmiar:rozmiar:0,27,11
421,Rozmiar:rozmiar:0,28.5,21
421,Rozmiar:rozmiar:0,30,9
421,Rozmiar:rozmiar:0,32,9
421,Rozmiar:rozmiar:0,33.5,27
421,Rozmiar:rozmiar:0,35.5,31
422,Rozmiar:rozmiar:0,25.5,4
422,Rozmiar:rozmiar:0,27,47
422,Rozmiar:rozmiar:0,28.5,5
422,Rozmiar:rozmiar:0,30,48
422,Rozmiar:rozmiar:0,31,22
422,Rozmiar:rozmiar:0,32,29
422,Rozmiar:rozmiar:0,33.5,23
422,Rozmiar:rozmiar:0,35.5,11
423,Rozmiar:rozmiar:0,25.5,47
423,Rozmiar:rozmiar:0,27,50
423,Rozmiar:rozmiar:0,28.5,18
423,Rozmiar:rozmiar:0,30,19
423,Rozmiar:rozmiar:0,31,9
423,Rozmiar:rozmiar:0,32,6
423,Rozmiar:rozmiar:0,33.5,47
423,Rozmiar:rozmiar:0,35.5,42
424,Rozmiar:rozmiar:0,23,27
424,Rozmiar:rozmiar:0,24,41
424,Rozmiar:rozmiar:0,25,19
424,Rozmiar:rozmiar:0,26,7
424,Rozmiar:rozmiar:0,27,22
425,Rozmiar:rozmiar:0,23,38
425,Rozmiar:rozmiar:0,24,6
425,Rozmiar:rozmiar:0,25,8
425,Rozmiar:rozmiar:0,26,16
425,Rozmiar:rozmiar:0,27,16
426,Rozmiar:rozmiar:0,28,10
426,Rozmiar:rozmiar:0,29,11
426,Rozmiar:rozmiar:0,31,19
426,Rozmiar:rozmiar:0,32,27
426,Rozmiar:rozmiar:0,33,37
426,Rozmiar:rozmiar:0,34,2
427,Rozmiar:rozmiar:0,28,31
427,Rozmiar:rozmiar:0,29,22
427,Rozmiar:rozmiar:0,31,12
427,Rozmiar:rozmiar:0,32,10
427,Rozmiar:rozmiar:0,33,38
427,Rozmiar:rozmiar:0,34,15
428,Rozmiar:rozmiar:0,28,32
428,Rozmiar:rozmiar:0,29,16
428,Rozmiar:rozmiar:0,30,31
428,Rozmiar:rozmiar:0,31,22
428,Rozmiar:rozmiar:0,32,39
428,Rozmiar:rozmiar:0,33,14
428,Rozmiar:rozmiar:0,34,29
428,Rozmiar:rozmiar:0,35,15
429,Rozmiar:rozmiar:0,28,50
429,Rozmiar:rozmiar:0,29,46
429,Rozmiar:rozmiar:0,30,11
429,Rozmiar:rozmiar:0,31,38
429,Rozmiar:rozmiar:0,32,21
429,Rozmiar:rozmiar:0,33,20
429,Rozmiar:rozmiar:0,34,26
429,Rozmiar:rozmiar:0,35,45
430,Rozmiar:rozmiar:0,23,42
430,Rozmiar:rozmiar:0,24,23
430,Rozmiar:rozmiar:0,25,41
430,Rozmiar:rozmiar:0,26,6
430,Rozmiar:rozmiar:0,27,47
431,Rozmiar:rozmiar:0,23,0
431,Rozmiar:rozmiar:0,24,34
431,Rozmiar:rozmiar:0,25,23
431,Rozmiar:rozmiar:0,26,33
431,Rozmiar:rozmiar:0,27,5
432,Rozmiar:rozmiar:0,28,38
432,Rozmiar:rozmiar:0,29,13
432,Rozmiar:rozmiar:0,30,40
432,Rozmiar:rozmiar:0,31,33
432,Rozmiar:rozmiar:0,32,44
432,Rozmiar:rozmiar:0,33,38
432,Rozmiar:rozmiar:0,34,50
433,Rozmiar:rozmiar:0,28,35
433,Rozmiar:rozmiar:0,29,26
433,Rozmiar:rozmiar:0,30,6
433,Rozmiar:rozmiar:0,31,48
433,Rozmiar:rozmiar:0,32,50
433,Rozmiar:rozmiar:0,33,31
433,Rozmiar:rozmiar:0,34,3
434,Rozmiar:rozmiar:0,27,11
434,Rozmiar:rozmiar:0,28,29
434,Rozmiar:rozmiar:0,29,20
434,Rozmiar:rozmiar:0,30,41
435,Rozmiar:rozmiar:0,27,28
435,Rozmiar:rozmiar:0,28,21
435,Rozmiar:rozmiar:0,29,3
435,Rozmiar:rozmiar:0,30,22
436,Rozmiar:rozmiar:0,31,38
436,Rozmiar:rozmiar:0,32,46
436,Rozmiar:rozmiar:0,33,48
436,Rozmiar:rozmiar:0,34,24
436,Rozmiar:rozmiar:0,35,44
437,Rozmiar:rozmiar:0,31,15
437,Rozmiar:rozmiar:0,32,26
437,Rozmiar:rozmiar:0,33,48
437,Rozmiar:rozmiar:0,34,7
437,Rozmiar:rozmiar:0,35,47
438,Rozmiar:rozmiar:0,27,6
438,Rozmiar:rozmiar:0,28,50
438,Rozmiar:rozmiar:0,29,0
438,Rozmiar:rozmiar:0,30,16
439,Rozmiar:rozmiar:0,27,35
439,Rozmiar:rozmiar:0,28,8
439,Rozmiar:rozmiar:0,29,16
439,Rozmiar:rozmiar:0,30,47
440,Rozmiar:rozmiar:0,31,20
440,Rozmiar:rozmiar:0,32,9
440,Rozmiar:rozmiar:0,33,24
440,Rozmiar:rozmiar:0,34,8
441,Rozmiar:rozmiar:0,31,37
441,Rozmiar:rozmiar:0,32,19
441,Rozmiar:rozmiar:0,33,37
441,Rozmiar:rozmiar:0,34,40
442,Rozmiar:rozmiar:0,31,27
442,Rozmiar:rozmiar:0,32,18
442,Rozmiar:rozmiar:0,33,46
442,Rozmiar:rozmiar:0,34,17
442,Rozmiar:rozmiar:0,35,13
443,Rozmiar:rozmiar:0,31,42
443,Rozmiar:rozmiar:0,32,12
443,Rozmiar:rozmiar:0,33,4
443,Rozmiar:rozmiar:0,34,41
443,Rozmiar:rozmiar:0,35,1
444,Rozmiar:rozmiar:0,31,50
444,Rozmiar:rozmiar:0,32,40
444,Rozmiar:rozmiar:0,33,22
444,Rozmiar:rozmiar:0,34,44
444,Rozmiar:rozmiar:0,35,49
445,Rozmiar:rozmiar:0,31,46
445,Rozmiar:rozmiar:0,32,44
445,Rozmiar:rozmiar:0,33,18
445,Rozmiar:rozmiar:0,34,24
445,Rozmiar:rozmiar:0,35,3
446,Rozmiar:rozmiar:0,31,39
446,Rozmiar:rozmiar:0,32,42
446,Rozmiar:rozmiar:0,33,44
446,Rozmiar:rozmiar:0,34,15
446,Rozmiar:rozmiar:0,35,36
447,Rozmiar:rozmiar:0,31,14
447,Rozmiar:rozmiar:0,32,13
447,Rozmiar:rozmiar:0,33,2
447,Rozmiar:rozmiar:0,34,38
447,Rozmiar:rozmiar:0,35,18
448,Rozmiar:rozmiar:0,27,4
448,Rozmiar:rozmiar:0,28,10
448,Rozmiar:rozmiar:0,29,50
448,Rozmiar:rozmiar:0,30,23
449,Rozmiar:rozmiar:0,27,35
449,Rozmiar:rozmiar:0,28,35
449,Rozmiar:rozmiar:0,29,28
449,Rozmiar:rozmiar:0,30,24
450,Rozmiar:rozmiar:0,31,43
450,Rozmiar:rozmiar:0,32,33
450,Rozmiar:rozmiar:0,33,11
450,Rozmiar:rozmiar:0,34,50
451,Rozmiar:rozmiar:0,31,4
451,Rozmiar:rozmiar:0,32,20
451,Rozmiar:rozmiar:0,33,15
451,Rozmiar:rozmiar:0,34,9
452,Rozmiar:rozmiar:0,27,32
452,Rozmiar:rozmiar:0,28,22
452,Rozmiar:rozmiar:0,29,12
452,Rozmiar:rozmiar:0,30,38
453,Rozmiar:rozmiar:0,27,20
453,Rozmiar:rozmiar:0,28,12
453,Rozmiar:rozmiar:0,29,34
453,Rozmiar:rozmiar:0,30,4
454,Rozmiar:rozmiar:0,31,28
454,Rozmiar:rozmiar:0,32,28
454,Rozmiar:rozmiar:0,33,14
454,Rozmiar:rozmiar:0,34,2
455,Rozmiar:rozmiar:0,31,42
455,Rozmiar:rozmiar:0,32,23
455,Rozmiar:rozmiar:0,33,27
455,Rozmiar:rozmiar:0,34,27
456,Rozmiar:rozmiar:0,22,24
456,Rozmiar:rozmiar:0,23,14
456,Rozmiar:rozmiar:0,24,26
456,Rozmiar:rozmiar:0,26,29
457,Rozmiar:rozmiar:0,22,20
457,Rozmiar:rozmiar:0,23,12
457,Rozmiar:rozmiar:0,24,43
457,Rozmiar:rozmiar:0,26,13
458,Rozmiar:rozmiar:0,29,34
458,Rozmiar:rozmiar:0,30,0
458,Rozmiar:rozmiar:0,31,33
458,Rozmiar:rozmiar:0,32,45
458,Rozmiar:rozmiar:0,33,47
458,Rozmiar:rozmiar:0,34,3
458,Rozmiar:rozmiar:0,35,47
458,Rozmiar:rozmiar:0,36,4
459,Rozmiar:rozmiar:0,29,5
459,Rozmiar:rozmiar:0,30,45
459,Rozmiar:rozmiar:0,31,36
459,Rozmiar:rozmiar:0,32,32
459,Rozmiar:rozmiar:0,33,50
459,Rozmiar:rozmiar:0,34,37
459,Rozmiar:rozmiar:0,35,22
459,Rozmiar:rozmiar:0,36,20
460,Rozmiar:rozmiar:0,22,35
460,Rozmiar:rozmiar:0,23,2
460,Rozmiar:rozmiar:0,24,12
460,Rozmiar:rozmiar:0,25,32
460,Rozmiar:rozmiar:0,26,13
461,Rozmiar:rozmiar:0,22,7
461,Rozmiar:rozmiar:0,23,27
461,Rozmiar:rozmiar:0,24,28
461,Rozmiar:rozmiar:0,25,1
461,Rozmiar:rozmiar:0,26,10
462,Rozmiar:rozmiar:0,22,50
462,Rozmiar:rozmiar:0,23,43
462,Rozmiar:rozmiar:0,24,44
462,Rozmiar:rozmiar:0,25,12
462,Rozmiar:rozmiar:0,26,20
463,Rozmiar:rozmiar:0,22,2
463,Rozmiar:rozmiar:0,23,40
463,Rozmiar:rozmiar:0,24,41
463,Rozmiar:rozmiar:0,25,5
463,Rozmiar:rozmiar:0,26,27
464,Rozmiar:rozmiar:0,27,18
464,Rozmiar:rozmiar:0,28,29
464,Rozmiar:rozmiar:0,29,42
464,Rozmiar:rozmiar:0,30,25
464,Rozmiar:rozmiar:0,31,44
464,Rozmiar:rozmiar:0,32,32
464,Rozmiar:rozmiar:0,33,29
464,Rozmiar:rozmiar:0,34,30
464,Rozmiar:rozmiar:0,35,40
464,Rozmiar:rozmiar:0,36,6
465,Rozmiar:rozmiar:0,27,26
465,Rozmiar:rozmiar:0,28,28
465,Rozmiar:rozmiar:0,29,29
465,Rozmiar:rozmiar:0,30,17
465,Rozmiar:rozmiar:0,31,37
465,Rozmiar:rozmiar:0,32,45
465,Rozmiar:rozmiar:0,33,15
465,Rozmiar:rozmiar:0,34,24
465,Rozmiar:rozmiar:0,35,5
465,Rozmiar:rozmiar:0,36,4
466,Rozmiar:rozmiar:0,28,5
467,Rozmiar:rozmiar:0,28,25
468,Rozmiar:rozmiar:0,27,31
468,Rozmiar:rozmiar:0,29,18
469,Rozmiar:rozmiar:0,27,42
469,Rozmiar:rozmiar:0,29,19
470,Rozmiar:rozmiar:0,31,28
470,Rozmiar:rozmiar:0,32,6
470,Rozmiar:rozmiar:0,33,8
470,Rozmiar:rozmiar:0,34,17
471,Rozmiar:rozmiar:0,31,38
471,Rozmiar:rozmiar:0,32,21
471,Rozmiar:rozmiar:0,33,29
471,Rozmiar:rozmiar:0,34,42
472,Rozmiar:rozmiar:0,31,16
472,Rozmiar:rozmiar:0,33,32
473,Rozmiar:rozmiar:0,31,11
473,Rozmiar:rozmiar:0,33,23
474,Rozmiar:rozmiar:0,32,17
475,Rozmiar:rozmiar:0,32,1
476,Rozmiar:rozmiar:0,32,15
477,Rozmiar:rozmiar:0,32,44
478,Rozmiar:rozmiar:0,32,33
478,Rozmiar:rozmiar:0,33,48
479,Rozmiar:rozmiar:0,32,32
479,Rozmiar:rozmiar:0,33,32
480,Rozmiar:rozmiar:0,29,44
480,Rozmiar:rozmiar:0,31,29
480,Rozmiar:rozmiar:0,32,2
480,Rozmiar:rozmiar:0,33,32
481,Rozmiar:rozmiar:0,29,45
481,Rozmiar:rozmiar:0,31,3
481,Rozmiar:rozmiar:0,32,29
481,Rozmiar:rozmiar:0,33,2
482,Rozmiar:rozmiar:0,29,33
482,Rozmiar:rozmiar:0,30,13
482,Rozmiar:rozmiar:0,31,1
482,Rozmiar:rozmiar:0,32,19
482,Rozmiar:rozmiar:0,33,40
482,Rozmiar:rozmiar:0,34,29
482,Rozmiar:rozmiar:0,35,3
483,Rozmiar:rozmiar:0,29,37
483,Rozmiar:rozmiar:0,30,42
483,Rozmiar:rozmiar:0,31,16
483,Rozmiar:rozmiar:0,32,26
483,Rozmiar:rozmiar:0,33,2
483,Rozmiar:rozmiar:0,34,44
483,Rozmiar:rozmiar:0,35,50
484,Rozmiar:rozmiar:0,29,47
484,Rozmiar:rozmiar:0,30,17
484,Rozmiar:rozmiar:0,31,36
484,Rozmiar:rozmiar:0,32,44
484,Rozmiar:rozmiar:0,33,43
484,Rozmiar:rozmiar:0,34,5
485,Rozmiar:rozmiar:0,29,42
485,Rozmiar:rozmiar:0,30,14
485,Rozmiar:rozmiar:0,31,45
485,Rozmiar:rozmiar:0,32,21
485,Rozmiar:rozmiar:0,33,31
485,Rozmiar:rozmiar:0,34,5
486,Rozmiar:rozmiar:0,31,27
486,Rozmiar:rozmiar:0,32,43
486,Rozmiar:rozmiar:0,33,9
486,Rozmiar:rozmiar:0,34,17
486,Rozmiar:rozmiar:0,35,15
486,Rozmiar:rozmiar:0,36,12
487,Rozmiar:rozmiar:0,31,42
487,Rozmiar:rozmiar:0,32,32
487,Rozmiar:rozmiar:0,33,0
487,Rozmiar:rozmiar:0,34,17
487,Rozmiar:rozmiar:0,35,21
487,Rozmiar:rozmiar:0,36,46
488,Rozmiar:rozmiar:0,31,40
488,Rozmiar:rozmiar:0,32,9
488,Rozmiar:rozmiar:0,33,9
488,Rozmiar:rozmiar:0,34,5
488,Rozmiar:rozmiar:0,35,15
488,Rozmiar:rozmiar:0,36,37
489,Rozmiar:rozmiar:0,31,8
489,Rozmiar:rozmiar:0,32,16
489,Rozmiar:rozmiar:0,33,21
489,Rozmiar:rozmiar:0,34,29
489,Rozmiar:rozmiar:0,35,23
489,Rozmiar:rozmiar:0,36,38
490,Rozmiar:rozmiar:0,32,42
491,Rozmiar:rozmiar:0,32,22
492,Rozmiar:rozmiar:0,23,41
492,Rozmiar:rozmiar:0,24,46
492,Rozmiar:rozmiar:0,25,15
492,Rozmiar:rozmiar:0,26,14
493,Rozmiar:rozmiar:0,23,39
493,Rozmiar:rozmiar:0,24,34
493,Rozmiar:rozmiar:0,25,32
493,Rozmiar:rozmiar:0,26,46
494,Rozmiar:rozmiar:0,29,10
494,Rozmiar:rozmiar:0,30,11
494,Rozmiar:rozmiar:0,31,33
494,Rozmiar:rozmiar:0,32,48
494,Rozmiar:rozmiar:0,33,39
494,Rozmiar:rozmiar:0,34,19
495,Rozmiar:rozmiar:0,29,3
495,Rozmiar:rozmiar:0,30,9
495,Rozmiar:rozmiar:0,31,38
495,Rozmiar:rozmiar:0,32,6
495,Rozmiar:rozmiar:0,33,10
495,Rozmiar:rozmiar:0,34,26
496,Rozmiar:rozmiar:0,23,44
496,Rozmiar:rozmiar:0,24,25
496,Rozmiar:rozmiar:0,26,20
496,Rozmiar:rozmiar:0,28,5
497,Rozmiar:rozmiar:0,23,23
497,Rozmiar:rozmiar:0,24,45
497,Rozmiar:rozmiar:0,26,6
497,Rozmiar:rozmiar:0,28,39
498,Rozmiar:rozmiar:0,29,36
498,Rozmiar:rozmiar:0,30,16
498,Rozmiar:rozmiar:0,31,15
498,Rozmiar:rozmiar:0,32,17
498,Rozmiar:rozmiar:0,33,18
499,Rozmiar:rozmiar:0,29,22
499,Rozmiar:rozmiar:0,30,29
499,Rozmiar:rozmiar:0,31,41
499,Rozmiar:rozmiar:0,32,46
499,Rozmiar:rozmiar:0,33,29
500,Rozmiar:rozmiar:0,29,20
500,Rozmiar:rozmiar:0,30,6
500,Rozmiar:rozmiar:0,31,45
500,Rozmiar:rozmiar:0,32,31
500,Rozmiar:rozmiar:0,33,5
500,Rozmiar:rozmiar:0,34,4
501,Rozmiar:rozmiar:0,29,44
501,Rozmiar:rozmiar:0,30,33
501,Rozmiar:rozmiar:0,31,6
501,Rozmiar:rozmiar:0,32,24
501,Rozmiar:rozmiar:0,33,15
501,Rozmiar:rozmiar:0,34,12
502,Rozmiar:rozmiar:0,31,14
502,Rozmiar:rozmiar:0,32,40
503,Rozmiar:rozmiar:0,31,48
503,Rozmiar:rozmiar:0,32,42
504,Rozmiar:rozmiar:0,31,15
504,Rozmiar:rozmiar:0,32,1
504,Rozmiar:rozmiar:0,33,31
505,Rozmiar:rozmiar:0,31,15
505,Rozmiar:rozmiar:0,32,36
505,Rozmiar:rozmiar:0,33,14
506,Rozmiar:rozmiar:0,30,26
506,Rozmiar:rozmiar:0,31,37
506,Rozmiar:rozmiar:0,32,14
506,Rozmiar:rozmiar:0,33,42
506,Rozmiar:rozmiar:0,34,28
507,Rozmiar:rozmiar:0,30,37
507,Rozmiar:rozmiar:0,31,2
507,Rozmiar:rozmiar:0,32,45
507,Rozmiar:rozmiar:0,33,31
507,Rozmiar:rozmiar:0,34,33
508,Rozmiar:rozmiar:0,30,14
508,Rozmiar:rozmiar:0,31,25
508,Rozmiar:rozmiar:0,32,44
508,Rozmiar:rozmiar:0,33,26
508,Rozmiar:rozmiar:0,34,27
509,Rozmiar:rozmiar:0,30,7
509,Rozmiar:rozmiar:0,31,23
509,Rozmiar:rozmiar:0,32,26
509,Rozmiar:rozmiar:0,33,32
509,Rozmiar:rozmiar:0,34,9
510,Rozmiar:rozmiar:0,31,0
510,Rozmiar:rozmiar:0,32,35
510,Rozmiar:rozmiar:0,33,23
510,Rozmiar:rozmiar:0,34,50
511,Rozmiar:rozmiar:0,31,44
511,Rozmiar:rozmiar:0,32,39
511,Rozmiar:rozmiar:0,33,5
511,Rozmiar:rozmiar:0,34,28
512,Rozmiar:rozmiar:0,29,42
512,Rozmiar:rozmiar:0,30,18
512,Rozmiar:rozmiar:0,31,17
512,Rozmiar:rozmiar:0,32,26
512,Rozmiar:rozmiar:0,33,11
512,Rozmiar:rozmiar:0,34,22
513,Rozmiar:rozmiar:0,29,40
513,Rozmiar:rozmiar:0,30,6
513,Rozmiar:rozmiar:0,31,29
513,Rozmiar:rozmiar:0,32,11
513,Rozmiar:rozmiar:0,33,9
513,Rozmiar:rozmiar:0,34,6
514,Rozmiar:rozmiar:0,29,12
514,Rozmiar:rozmiar:0,30,21
514,Rozmiar:rozmiar:0,31,2
514,Rozmiar:rozmiar:0,32,50
514,Rozmiar:rozmiar:0,33,32
514,Rozmiar:rozmiar:0,34,47
515,Rozmiar:rozmiar:0,29,22
515,Rozmiar:rozmiar:0,30,27
515,Rozmiar:rozmiar:0,31,45
515,Rozmiar:rozmiar:0,32,35
515,Rozmiar:rozmiar:0,33,9
515,Rozmiar:rozmiar:0,34,21
516,Rozmiar:rozmiar:0,23,10
516,Rozmiar:rozmiar:0,24,44
516,Rozmiar:rozmiar:0,25,12
516,Rozmiar:rozmiar:0,26,2
517,Rozmiar:rozmiar:0,23,9
517,Rozmiar:rozmiar:0,24,5
517,Rozmiar:rozmiar:0,25,5
517,Rozmiar:rozmiar:0,26,26
518,Rozmiar:rozmiar:0,23,19
518,Rozmiar:rozmiar:0,24,50
518,Rozmiar:rozmiar:0,25,12
518,Rozmiar:rozmiar:0,26,36
518,Rozmiar:rozmiar:0,27,24
518,Rozmiar:rozmiar:0,28,7
519,Rozmiar:rozmiar:0,23,1
519,Rozmiar:rozmiar:0,24,45
519,Rozmiar:rozmiar:0,25,24
519,Rozmiar:rozmiar:0,26,27
519,Rozmiar:rozmiar:0,27,26
519,Rozmiar:rozmiar:0,28,33
520,Rozmiar:rozmiar:0,29,45
520,Rozmiar:rozmiar:0,30,27
520,Rozmiar:rozmiar:0,31,45
520,Rozmiar:rozmiar:0,32,49
520,Rozmiar:rozmiar:0,33,2
520,Rozmiar:rozmiar:0,34,17
521,Rozmiar:rozmiar:0,29,5
521,Rozmiar:rozmiar:0,30,22
521,Rozmiar:rozmiar:0,31,41
521,Rozmiar:rozmiar:0,32,25
521,Rozmiar:rozmiar:0,33,2
521,Rozmiar:rozmiar:0,34,34
522,Rozmiar:rozmiar:0,29,14
522,Rozmiar:rozmiar:0,30,35
522,Rozmiar:rozmiar:0,32,26
522,Rozmiar:rozmiar:0,33,36
522,Rozmiar:rozmiar:0,34,21
523,Rozmiar:rozmiar:0,29,42
523,Rozmiar:rozmiar:0,30,32
523,Rozmiar:rozmiar:0,32,33
523,Rozmiar:rozmiar:0,33,39
523,Rozmiar:rozmiar:0,34,36
524,Rozmiar:rozmiar:0,23,17
524,Rozmiar:rozmiar:0,24,1
524,Rozmiar:rozmiar:0,25,24
524,Rozmiar:rozmiar:0,26,9
525,Rozmiar:rozmiar:0,23,39
525,Rozmiar:rozmiar:0,24,32
525,Rozmiar:rozmiar:0,25,43
525,Rozmiar:rozmiar:0,26,43
526,Rozmiar:rozmiar:0,27,40
526,Rozmiar:rozmiar:0,28,15
526,Rozmiar:rozmiar:0,29,48
526,Rozmiar:rozmiar:0,30,46
526,Rozmiar:rozmiar:0,31,16
526,Rozmiar:rozmiar:0,32,25
526,Rozmiar:rozmiar:0,33,34
526,Rozmiar:rozmiar:0,34,23
527,Rozmiar:rozmiar:0,27,27
527,Rozmiar:rozmiar:0,28,30
527,Rozmiar:rozmiar:0,29,38
527,Rozmiar:rozmiar:0,30,45
527,Rozmiar:rozmiar:0,31,27
527,Rozmiar:rozmiar:0,32,23
527,Rozmiar:rozmiar:0,33,43
527,Rozmiar:rozmiar:0,34,46
528,Rozmiar:rozmiar:0,21,48
528,Rozmiar:rozmiar:0,22,44
528,Rozmiar:rozmiar:0,23,30
528,Rozmiar:rozmiar:0,24,42
528,Rozmiar:rozmiar:0,25,40
528,Rozmiar:rozmiar:0,26,42
529,Rozmiar:rozmiar:0,21,47
529,Rozmiar:rozmiar:0,22,44
529,Rozmiar:rozmiar:0,23,8
529,Rozmiar:rozmiar:0,24,19
529,Rozmiar:rozmiar:0,25,6
529,Rozmiar:rozmiar:0,26,13
530,Rozmiar:rozmiar:0,25.5,8
530,Rozmiar:rozmiar:0,27,33
530,Rozmiar:rozmiar:0,28.5,45
530,Rozmiar:rozmiar:0,30,37
530,Rozmiar:rozmiar:0,31,35
530,Rozmiar:rozmiar:0,32,5
530,Rozmiar:rozmiar:0,33,41
530,Rozmiar:rozmiar:0,34.5,17
531,Rozmiar:rozmiar:0,25.5,6
531,Rozmiar:rozmiar:0,27,14
531,Rozmiar:rozmiar:0,28.5,42
531,Rozmiar:rozmiar:0,30,24
531,Rozmiar:rozmiar:0,31,31
531,Rozmiar:rozmiar:0,32,12
531,Rozmiar:rozmiar:0,33,20
531,Rozmiar:rozmiar:0,34.5,43
532,Rozmiar:rozmiar:0,25.5,10
532,Rozmiar:rozmiar:0,27,30
532,Rozmiar:rozmiar:0,28.5,1
532,Rozmiar:rozmiar:0,30,26
532,Rozmiar:rozmiar:0,31,47
532,Rozmiar:rozmiar:0,32,33
532,Rozmiar:rozmiar:0,33,14
532,Rozmiar:rozmiar:0,34.5,37
533,Rozmiar:rozmiar:0,25.5,25
533,Rozmiar:rozmiar:0,27,24
533,Rozmiar:rozmiar:0,28.5,38
533,Rozmiar:rozmiar:0,30,11
533,Rozmiar:rozmiar:0,31,8
533,Rozmiar:rozmiar:0,32,1
533,Rozmiar:rozmiar:0,33,3
533,Rozmiar:rozmiar:0,34.5,40
534,Rozmiar:rozmiar:0,25.5,14
534,Rozmiar:rozmiar:0,27.5,25
534,Rozmiar:rozmiar:0,29.5,9
534,Rozmiar:rozmiar:0,31.5,36
534,Rozmiar:rozmiar:0,33.5,49
534,Rozmiar:rozmiar:0,35.5,46
534,Rozmiar:rozmiar:0,37,44
535,Rozmiar:rozmiar:0,25.5,47
535,Rozmiar:rozmiar:0,27.5,41
535,Rozmiar:rozmiar:0,29.5,19
535,Rozmiar:rozmiar:0,31.5,26
535,Rozmiar:rozmiar:0,33.5,22
535,Rozmiar:rozmiar:0,35.5,11
535,Rozmiar:rozmiar:0,37,28
536,Rozmiar:rozmiar:0,25.5,31
536,Rozmiar:rozmiar:0,27.5,24
536,Rozmiar:rozmiar:0,29.5,28
536,Rozmiar:rozmiar:0,31.5,23
536,Rozmiar:rozmiar:0,33.5,16
536,Rozmiar:rozmiar:0,35.5,3
536,Rozmiar:rozmiar:0,37,4
536,Rozmiar:rozmiar:0,38,40
537,Rozmiar:rozmiar:0,25.5,29
537,Rozmiar:rozmiar:0,27.5,23
537,Rozmiar:rozmiar:0,29.5,19
537,Rozmiar:rozmiar:0,31.5,3
537,Rozmiar:rozmiar:0,33.5,6
537,Rozmiar:rozmiar:0,35.5,17
537,Rozmiar:rozmiar:0,37,28
537,Rozmiar:rozmiar:0,38,49
538,Rozmiar:rozmiar:0,25.5,23
538,Rozmiar:rozmiar:0,27,18
538,Rozmiar:rozmiar:0,28.5,34
538,Rozmiar:rozmiar:0,30,41
538,Rozmiar:rozmiar:0,31,20
538,Rozmiar:rozmiar:0,32,31
538,Rozmiar:rozmiar:0,33,28
538,Rozmiar:rozmiar:0,34.5,32
539,Rozmiar:rozmiar:0,25.5,37
539,Rozmiar:rozmiar:0,27,1
539,Rozmiar:rozmiar:0,28.5,33
539,Rozmiar:rozmiar:0,30,21
539,Rozmiar:rozmiar:0,31,13
539,Rozmiar:rozmiar:0,32,42
539,Rozmiar:rozmiar:0,33,35
539,Rozmiar:rozmiar:0,34.5,38
540,Rozmiar:rozmiar:0,19.5,3
540,Rozmiar:rozmiar:0,21,18
540,Rozmiar:rozmiar:0,22.5,44
540,Rozmiar:rozmiar:0,24,41
540,Rozmiar:rozmiar:0,25.5,46
541,Rozmiar:rozmiar:0,19.5,22
541,Rozmiar:rozmiar:0,21,1
541,Rozmiar:rozmiar:0,22.5,5
541,Rozmiar:rozmiar:0,24,34
541,Rozmiar:rozmiar:0,25.5,27
542,Rozmiar:rozmiar:0,22,37
542,Rozmiar:rozmiar:0,25,4
542,Rozmiar:rozmiar:0,26,42
543,Rozmiar:rozmiar:0,22,10
543,Rozmiar:rozmiar:0,25,28
543,Rozmiar:rozmiar:0,26,16
544,Rozmiar:rozmiar:0,31,43
544,Rozmiar:rozmiar:0,32.5,46
544,Rozmiar:rozmiar:0,33.5,45
545,Rozmiar:rozmiar:0,31,34
545,Rozmiar:rozmiar:0,32.5,49
545,Rozmiar:rozmiar:0,33.5,9
546,Rozmiar:rozmiar:0,M,12
547,Rozmiar:rozmiar:0,M,45
548,Rozmiar:rozmiar:0,27,23
548,Rozmiar:rozmiar:0,28,9
548,Rozmiar:rozmiar:0,29,41
548,Rozmiar:rozmiar:0,30,18
548,Rozmiar:rozmiar:0,31,17
548,Rozmiar:rozmiar:0,32,23
549,Rozmiar:rozmiar:0,27,45
549,Rozmiar:rozmiar:0,28,10
549,Rozmiar:rozmiar:0,29,1
549,Rozmiar:rozmiar:0,30,36
549,Rozmiar:rozmiar:0,31,27
549,Rozmiar:rozmiar:0,32,41
550,Rozmiar:rozmiar:0,28,50
550,Rozmiar:rozmiar:0,35,5
551,Rozmiar:rozmiar:0,28,4
551,Rozmiar:rozmiar:0,35,7
552,Rozmiar:rozmiar:0,31,25
552,Rozmiar:rozmiar:0,32,49
552,Rozmiar:rozmiar:0,33,25
552,Rozmiar:rozmiar:0,34,34
553,Rozmiar:rozmiar:0,31,35
553,Rozmiar:rozmiar:0,32,36
553,Rozmiar:rozmiar:0,33,46
553,Rozmiar:rozmiar:0,34,12
554,Rozmiar:rozmiar:0,34,45
555,Rozmiar:rozmiar:0,34,3
556,Rozmiar:rozmiar:0,31,23
556,Rozmiar:rozmiar:0,32,31
556,Rozmiar:rozmiar:0,33,19
556,Rozmiar:rozmiar:0,34,36
556,Rozmiar:rozmiar:0,35,48
557,Rozmiar:rozmiar:0,31,29
557,Rozmiar:rozmiar:0,32,20
557,Rozmiar:rozmiar:0,33,21
557,Rozmiar:rozmiar:0,34,40
557,Rozmiar:rozmiar:0,35,48
558,Rozmiar:rozmiar:0,29,39
558,Rozmiar:rozmiar:0,30,23
558,Rozmiar:rozmiar:0,31,21
558,Rozmiar:rozmiar:0,32,33
558,Rozmiar:rozmiar:0,33,38
558,Rozmiar:rozmiar:0,34,14
558,Rozmiar:rozmiar:0,35,4
559,Rozmiar:rozmiar:0,29,47
559,Rozmiar:rozmiar:0,30,28
559,Rozmiar:rozmiar:0,31,1
559,Rozmiar:rozmiar:0,32,13
559,Rozmiar:rozmiar:0,33,4
559,Rozmiar:rozmiar:0,34,19
559,Rozmiar:rozmiar:0,35,42
560,Rozmiar:rozmiar:0,25,16
560,Rozmiar:rozmiar:0,26,17
560,Rozmiar:rozmiar:0,30,29
561,Rozmiar:rozmiar:0,25,23
561,Rozmiar:rozmiar:0,26,48
561,Rozmiar:rozmiar:0,30,50
562,Rozmiar:rozmiar:0,36,50
562,Rozmiar:rozmiar:0,37,29
562,Rozmiar:rozmiar:0,38,33
563,Rozmiar:rozmiar:0,36,25
563,Rozmiar:rozmiar:0,37,22
563,Rozmiar:rozmiar:0,38,23
564,Rozmiar:rozmiar:0,31,21
564,Rozmiar:rozmiar:0,32,28
564,Rozmiar:rozmiar:0,33,36
564,Rozmiar:rozmiar:0,34,9
564,Rozmiar:rozmiar:0,35,37
565,Rozmiar:rozmiar:0,31,20
565,Rozmiar:rozmiar:0,32,1
565,Rozmiar:rozmiar:0,33,38
565,Rozmiar:rozmiar:0,34,0
565,Rozmiar:rozmiar:0,35,4
566,Rozmiar:rozmiar:0,32,45
566,Rozmiar:rozmiar:0,34,21
567,Rozmiar:rozmiar:0,32,49
567,Rozmiar:rozmiar:0,34,3
568,Rozmiar:rozmiar:0,25,41
569,Rozmiar:rozmiar:0,25,31
570,Rozmiar:rozmiar:0,31,29
570,Rozmiar:rozmiar:0,32,47
570,Rozmiar:rozmiar:0,33,16
570,Rozmiar:rozmiar:0,34,13
571,Rozmiar:rozmiar:0,31,5
571,Rozmiar:rozmiar:0,32,48
571,Rozmiar:rozmiar:0,33,40
571,Rozmiar:rozmiar:0,34,28
572,Rozmiar:rozmiar:0,31,32
572,Rozmiar:rozmiar:0,32,49
572,Rozmiar:rozmiar:0,33,48
572,Rozmiar:rozmiar:0,34,24
572,Rozmiar:rozmiar:0,35,13
573,Rozmiar:rozmiar:0,31,12
573,Rozmiar:rozmiar:0,32,23
573,Rozmiar:rozmiar:0,33,0
573,Rozmiar:rozmiar:0,34,27
573,Rozmiar:rozmiar:0,35,1
574,Rozmiar:rozmiar:0,26,20
574,Rozmiar:rozmiar:0,27,14
574,Rozmiar:rozmiar:0,28,20
574,Rozmiar:rozmiar:0,30,16
575,Rozmiar:rozmiar:0,26,26
575,Rozmiar:rozmiar:0,27,46
575,Rozmiar:rozmiar:0,28,30
575,Rozmiar:rozmiar:0,30,21
